,grade,module,week,question_stem,choice,answer
223,6,7,7,1. 呼吸系统分为上下呼吸道，其分界处为(3.0分),A.喉部 B.环状软骨下缘 C.声带 D.总气管分叉部 E.会厌软骨下缘,B.环状软骨下缘
224,6,7,7,2. 正常成人心胸比值一般不超过 (3.0分),A.0.6 B.0.5 C.0.55 D.0.45 E.0.4,B.0.5
225,6,7,7,3. 早期中心型肺癌的常见症状是(3.0分),A.高热、胸痛    B.声音嘶哑     C.咳嗽、血痰     D.上肢及颜面部肿胀 E.胸闷、呼吸困难    ,C.咳嗽、血痰    
226,6,7,7,4. 对毛细支气管炎的描述哪项是错误的(3.0分),A.两肺哮鸣音 B.呼气性喘鸣 C.多为稽留热 D.两肺中细湿啰音 E.明显喘憋,C.多为稽留热
227,6,7,7,5. 吸入性肺脓肿（原发性）最常见的病原菌是(3.0分),A.G+球菌、G-杆菌、厌氧菌及其混合病原菌 B.肺炎支原体 C.结核分枝杆菌 D.PRSP,A.G+球菌、G-杆菌、厌氧菌及其混合病原菌
228,6,7,7,6. 对年幼儿童哮喘诊断最可靠的是(3.0分),A.有家族史 B.哮喘呈反复发作 C.发作时肺部有哮鸣音 D.肺功能 E.平喘治疗有效,E.平喘治疗有效
229,6,7,7,7. 下列肺癌的描述中，哪项是正确的:(4.0分),A.小细胞癌多呈弥漫型 B.腺癌最多见 C.鳞状细胞癌多有吸烟史 D.周围型多为鳞癌 E.细支气管肺泡癌多为中央型,C.鳞状细胞癌多有吸烟史
230,6,7,7,8. 关于周围型肺癌毛刺征的描述，不正确的是：(3.0分),A.近端略粗远侧变细 B.细毛刺数目较多，围绕肿瘤发射状分布 C.粗毛刺一般较短，粗细不均 D.是癌组织向周围浸润所致,C.粗毛刺一般较短，粗细不均
231,6,7,7,9. 小儿急性上呼吸道感染的最主要病原体是 (3.0分),A.厌氧菌 B.肺炎链球菌 C.真菌 D.病毒 E.以上均不是,D.病毒
232,6,7,7,10. 男性，40岁。20年前患过肺结核外，平素健康，近3个月来有刺激性咳嗽，痰中偶有血丝，有时发热。X线示:右肺上叶前段有2cm×2.5cm的块状阴影，边缘不整呈分叶状，痰查脱落细胞3次均阴性，诊断首先考虑(3.0分),A.肺囊肿 B.肺癌 C.肺脓肿 D.肺结核 E.肺良性肿瘤,B.肺癌
233,6,7,7,11. 男，45岁，长期吸烟；近两个月来咳嗽加重及咯血丝痰，查体右上肺局限性哮鸣音，余未见异常。该患者哪种可能性大?(3.0分),A.右上肺癌 B.急性左心衰 C.支气管扩张症 D.支气管哮喘 E.慢性支气管炎,A.右上肺癌
234,6,7,7,12. 男性，60岁，慢性咳嗽、咳痰12年，气急3年，呈逐渐加重，胸片示肋间隙增宽、双肺透亮度增加，两下肺纹理乱，最可能的诊断是(       )(3.0分),A.慢性支气管炎 B.慢性阻塞性肺气肿 C.机化性肺炎 D.支气管扩张 E.支气管哮喘,B.慢性阻塞性肺气肿
235,6,7,7,13. 下列哪类患者可以行MR检查(3.0分),A.心脏病患者 B.带有心脏起搏器者 C.术后动脉夹存留者  D.换有人工金属瓣膜,A.心脏病患者
236,6,7,7,14. 关于支原体肺炎，哪项不正确 (3.0分),A.肺部可闻及湿啰音 B.起病缓慢 C.可有发热 D.多发生于8个月以下婴儿 E.病理特征可为间质性改变,D.多发生于8个月以下婴儿
237,6,7,7,15. 风湿性心脏病二尖瓣狭窄时，心影呈：(3.0分),A.横位心 B.梨形心  C.靴形心 D.悬滴状心 E.球形心,B.梨形心 
238,6,7,7,16. 有一长期低热，胸痛，乏力病人。近日来咳嗽加剧，痰中带有血丝，血沉加快。CT扫描示：右上肺类圆形阴影，内有点状钙化影。病灶周围散在索条状，斑点状影。可诊断为：(3.0分),A.炎性假瘤 B.肺癌 C.结核球 D.过敏性肺炎,C.结核球
239,6,7,7,17. 对社区获得性肺炎的诊断，下列哪一项是必须的。(3.0分),A.发热 B.新近出现的咳嗽、咳痰 C.胸部 X 线检查显示有肺炎表现 D.WBC>10×109/L或<4×109/L,A.发热
240,6,7,7,18. 肺癌组织学类型中多见于女性的是(3.0分),A.大细胞癌       B.腺癌         C.小细胞癌 D.鳞状细胞癌     E.燕麦细胞癌   ,B.腺癌        
241,6,7,7,19. 肺心病急性呼吸衰竭患者血气分析结果：pH7.18PaCO274.6mmHg，HCO3-17.6mmol/L，剩余碱-6，你考虑下列哪一项论断正确(       )(3.0分),A.呼吸性碱中毒 B.呼吸性酸中毒并代谢性酸中毒，失代偿期 C.代谢性碱中毒 D.代谢性酸中毒 E.以上都不是,B.呼吸性酸中毒并代谢性酸中毒，失代偿期
242,6,7,7,20. 急性感染性喉炎咳嗽的特点是(3.0分),A.犬吠样咳嗽 B.刺激性干咳 C.痉挛性咳嗽 D.阵发性咳嗽 E.有痰咳嗽,A.犬吠样咳嗽
243,6,7,7,21. 社区获得性肺炎（CAP）是指在医院外获得的           肺实质（含肺泡壁，即广义上的肺间质）炎症。(3.0分),A.过敏性 B.放射性 C.化学性 D.感染性,D.感染性
244,6,7,7,22. 目前公认的参与哮喘发病机制的主要类型淋巴细胞为： (3.0分),A.TH1 淋巴细胞 B.TH2 淋巴细胞 C.CD4+ 淋巴细胞 D.CD8+ 淋巴细胞,B.TH2 淋巴细胞
245,6,7,7,23. 男，55岁，吸烟史35年。活动后气急3年。下列哪项指标对诊断肺气肿最有意义(       )(3.0分),A.最大通气量＜预计值90％ B.动脉血氧分压下降 C.心电图呈低电压 D.残气量／肺总量比＞40％ E.FEV1／FVC％＜70％,D.残气量／肺总量比＞40％
246,6,7,7,24. 支气管扩张的临床表现除(3.0分),A.反复左下叶感染 B.大量脓痰 C.反复咯血 D.慢性咳嗽 E.夜间阵发性呼吸困难,E.夜间阵发性呼吸困难
247,6,7,7,25. 慢性阻塞性肺气肿的主要症状为(       )(3.0分),A.口唇发绀 B.右心衰竭 C.突发性喘息 D.心悸 E.逐渐加重的呼吸困难,E.逐渐加重的呼吸困难
248,6,7,7,26. 参与哮喘的气道效应细胞有哪些： (3.0分),A.嗜酸性粒细胞、肥大细胞、T淋巴细胞、中性粒细胞、平滑肌细胞、气道上皮细胞等 B.嗜酸性粒细胞、肥大细胞、红细胞、中性粒细胞、气道上皮细胞等 C.嗜酸性粒细胞、肥大细胞、T淋巴细胞、中性粒细胞、间皮细胞、气道上皮细胞等 D.嗜酸性粒细胞、肥大细胞、T淋巴细胞、中性粒细胞、肺泡上皮细胞等,A.嗜酸性粒细胞、肥大细胞、T淋巴细胞、中性粒细胞、平滑肌细胞、气道上皮细胞等
249,6,7,7,27. 肺脓疡病程超过       月，经积极內科治疗不能减小脓腔，反复感染可考虑手术治疗。(3.0分),A.3个月 B.2个月 C.1个月 D.4个月,A.3个月
250,6,7,7,28. 慢性阻塞性肺气肿的体征，下列哪项是不正确的(       )(3.0分),A.呼气相延长 B.桶状胸 C.呼吸音减低 D.心音遥远 E.管状呼吸音,E.管状呼吸音
251,6,7,7,29. 下列哪项不是沙眼衣原体肺炎的临床特点 (3.0分),A.大多有发热 B.多见于1～3个月以内的婴儿 C.起病缓慢 D.病理改变特征为间质性肺炎 E.阵发性咳嗽,A.大多有发热
252,6,7,7,30. 支气管扩张的发病机制不包括(3.0分),A.支气管周围纤维组织牵拉 B.支气管肺感染 C.吸烟 D.支气管狭窄 E.纤毛发育不全,C.吸烟
253,6,7,7,31. 关于干性支气管扩张下列哪项正确(3.0分),A.病变多位于上叶，咳嗽咳痰多，咯血少见，常见于细支气管炎后 B.病变多位于上叶，咳嗽咳痰少，咯血少见，常见于流感后 C.病变多位于上叶，咳嗽咳痰少，咯血常见，常见与结核感染后 D.病变多位于下叶，咳嗽咳痰少，咯血常见，常见于结核感染后 E.病变多位于下叶，咳嗽咳痰多，咯血少见，常见于结核感染后,C.病变多位于上叶，咳嗽咳痰少，咯血常见，常见与结核感染后
254,6,7,7,32. 小儿肺炎引起全身各系统病理生理变化的关键是(3.0分),A.电解质紊乱 B.缺氧与二氧化碳潴留 C.病原体直接损害 D.高热 E.酸中毒,B.缺氧与二氧化碳潴留
255,6,7,7,33. 患者，男性，67岁，反复咳嗽咳脓痰60年，加重1周伴发热入院。胸部CT显示两下肺纹理粗乱，左下肺见多个囊状阴影，部分可见气液平，右中叶支气管管壁增厚，血常规提示：白细胞15 X 109/L，N85%，动脉血气分析提示氧分压56mmHg，二氧化碳分压35mmHg。该患者的诊断是： (3.0分),A.慢性支气管炎急性发作，I型呼吸衰竭 B.肺结核，II型呼吸衰竭 C.支气管扩张，I型呼吸衰竭 D.支气管哮喘，I型呼吸衰竭 E.肺脓肿，II型呼吸衰竭,C.支气管扩张，I型呼吸衰竭
521,7,7,7,1. 小儿急性上呼吸道感染的最主要病原体是 (2.5分),A.肺炎链球菌 B.厌氧菌 C.真菌 D.病毒 E.以上均不是,D.病毒
522,7,7,7,2. 小儿肺炎引起全身各系统病理生理变化的关键是 (2.5分),A.病原体直接损害 B.缺氧与二氧化碳潴留 C.电解质紊乱 D.高热 E.酸中毒,B.缺氧与二氧化碳潴留
523,7,7,7,3. 急性感染性喉炎咳嗽的特点是 (2.5分),A.刺激性干咳 B.犬吠样咳嗽 C.痉挛性咳嗽 D.阵发性咳嗽 E.有痰咳嗽,B.犬吠样咳嗽
524,7,7,7,4. 对毛细支气管炎的描述哪项是错误的(2.5分),A.两肺哮鸣音 B.多为稽留热 C.呼气性喘鸣 D.两肺中细湿啰音 E.明显喘憋,B.多为稽留热
525,7,7,7,5. 关于支原体肺炎，哪项不正确 (2.5分),A.可有发热 B.起病缓慢 C.肺部可闻及湿啰音 D.多发生于8个月以下婴儿 E.病理特征可为间质性改变,D.多发生于8个月以下婴儿
526,7,7,7,6. 对年幼儿童哮喘诊断最可靠的是(3.5分),A.哮喘呈反复发作 B.有家族史 C.发作时肺部有哮鸣音 D.肺功能 E.平喘治疗有效,E.平喘治疗有效
527,7,7,7,7. 下列肺癌的描述中，哪项是正确的:(2.5分),A.腺癌最多见 B.小细胞癌多呈弥漫型 C.鳞状细胞癌多有吸烟史 D.周围型多为鳞癌 E.细支气管肺泡癌多为中央型,C.鳞状细胞癌多有吸烟史
528,7,7,7,8. 早期中心型肺癌的常见症状是(2.5分),A.高热、胸痛    B.声音嘶哑     C.上肢及颜面部肿胀 D.咳嗽、血痰     E.胸闷、呼吸困难    ,D.咳嗽、血痰    
529,7,7,7,9. 肺癌组织学类型中多见于女性的是(2.5分),A.鳞状细胞癌     B.腺癌         C.小细胞癌 D.大细胞癌       E.燕麦细胞癌   ,B.腺癌        
530,7,7,7,10. 男性，40岁。20年前患过肺结核外，平素健康，近3个月来有刺激性咳嗽，痰中偶有血丝，有时发热。X线示:右肺上叶前段有2cm×2.5cm的块状阴影，边缘不整呈分叶状，痰查脱落细胞3次均阴性，诊断首先考虑(2.5分),A.肺结核 B.肺脓肿 C.肺囊肿 D.肺癌 E.肺良性肿瘤,D.肺癌
531,7,7,7,11. 男，45岁，长期吸烟；近两个月来咳嗽加重及咯血丝痰，查体右上肺局限性哮鸣音，余未见异常。该患者哪种可能性大?(2.5分),A.支气管哮喘 B.支气管扩张症 C.右上肺癌 D.急性左心衰 E.慢性支气管炎,C.右上肺癌
532,7,7,7,12. 正常成人心胸比值一般不超过(3.5分),A.0.45 B.0.5 C.0.55 D.0.6 E.0.4,B.0.5
533,7,7,7,13. 下列哪类患者可以行MR检查(2.5分),A.带有心脏起搏器者   B.心脏病患者   C.术后动脉夹存留者   D.换有人工金属瓣膜,B.心脏病患者  
534,7,7,7,14. 关于周围型肺癌毛刺征的描述，不正确的是：(2.5分),A.近端略粗远侧变细  B.粗毛刺一般较短，粗细不均    C.细毛刺数目较多，围绕肿瘤发射状分布  D.是癌组织向周围浸润所致,B.粗毛刺一般较短，粗细不均   
535,7,7,7,15. 风湿性心脏病二尖瓣狭窄时，心影呈：(2.5分),A.梨形心  B.横位心   C.靴形心   D.悬滴状心   E.球形心,A.梨形心 
536,7,7,7,16. 有一长期低热，胸痛，乏力病人。近日来咳嗽加剧，痰中带有血丝，血沉加快。CT扫描示：右上肺类圆形阴影，内有点状钙化影。病灶周围散在索条状，斑点状影。可诊断为：(2.5分),A.结核球 B.肺癌 C.炎性假瘤　 D.过敏性肺炎,A.结核球
537,7,7,7,17. 社区获得性肺炎（CAP）是指在医院外获得的           肺实质（含肺泡壁，即广义上的肺间质）炎症。(2.5分),A.过敏性 B.化学性 C.放射性 D.感染性,D.感染性
538,7,7,7,18. 对社区获得性肺炎的诊断，下列哪一项是必须的。(2.5分),A.新近出现的咳嗽、咳痰 B.发热 C.胸部 X 线检查显示有肺炎表现 D.WBC>10×109/L或<4×109/L,C.胸部 X 线检查显示有肺炎表现
539,7,7,7,19. 吸入性肺脓肿（原发性）最常见的病原菌是(2.5分),A.结核分枝杆菌 B.肺炎支原体 C.G+球菌、G-杆菌、厌氧菌及其混合病原菌 D.PRSP,C.G+球菌、G-杆菌、厌氧菌及其混合病原菌
540,7,7,7,20. 肺脓疡病程超过       月，经积极內科治疗不能减小脓腔，反复感染可考虑手术治疗。(2.5分),A.1个月 B.2个月 C.3个月 D.4个月,C.3个月
541,7,7,7,21. 肺心病急性呼吸衰竭患者血气分析结果：pH7.18PaCO274.6mmHg，HCO3-17.6mmol/L，剩余碱-6，你考虑下列哪一项论断正确(2.5分),A.代谢性酸中毒 B.呼吸性酸中毒并代谢性酸中毒，失代偿期 C.代谢性碱中毒 D.呼吸性碱中毒 E.以上都不是,B.呼吸性酸中毒并代谢性酸中毒，失代偿期
542,7,7,7,22. 男性，60岁，慢性咳嗽、咳痰12年，气急3年，呈逐渐加重，胸片示肋间隙增宽、双肺透亮度增加，两下肺纹理乱，最可能的诊断是(2.5分),A.支气管扩张 B.慢性支气管炎 C.慢性阻塞性肺气肿 D.机化性肺炎 E.支气管哮喘,C.慢性阻塞性肺气肿
543,7,7,7,23. 男，55岁，吸烟史35年。活动后气急3年。下列哪项指标对诊断肺气肿最有意义(2.5分),A.心电图呈低电压 B.动脉血氧分压下降 C.最大通气量＜预计值90％ D.残气量／肺总量比＞40％ E.FEV1／FVC％＜70％,D.残气量／肺总量比＞40％
544,7,7,7,24. 慢性阻塞性肺气肿的体征，下列哪项是不正确的(2.5分),A.呼气相延长 B.心音遥远 C.呼吸音减低 D.桶状胸 E.管状呼吸音,E.管状呼吸音
545,7,7,7,25. 慢性阻塞性肺气肿的主要症状为(2.5分),A.心悸   B.口唇发绀  C.右心衰竭  D.突发性喘息 E.逐渐加重的呼吸困难,E.逐渐加重的呼吸困难
546,7,7,7,26. 参与哮喘的气道效应细胞有哪些： (2.5分),A.嗜酸性粒细胞、肥大细胞、T淋巴细胞、中性粒细胞、平滑肌细胞、气道上皮细胞等 B.嗜酸性粒细胞、肥大细胞、T淋巴细胞、中性粒细胞、间皮细胞、气道上皮细胞等 C.嗜酸性粒细胞、肥大细胞、红细胞、中性粒细胞、气道上皮细胞等 D.嗜酸性粒细胞、肥大细胞、T淋巴细胞、中性粒细胞、肺泡上皮细胞等,A.嗜酸性粒细胞、肥大细胞、T淋巴细胞、中性粒细胞、平滑肌细胞、气道上皮细胞等
547,7,7,7,27. 目前公认的参与哮喘发病机制的主要类型淋巴细胞为(2.5分),A.TH2 淋巴细胞 B.TH1 淋巴细胞 C.CD4+ 淋巴细胞 D.CD8+ 淋巴细胞,A.TH2 淋巴细胞
548,7,7,7,28. 呼吸系统分为上下呼吸道，其分界处为 (2.5分),A.喉部 B.声带 C.环状软骨下缘 D.总气管分叉部 E.会厌软骨下缘,C.环状软骨下缘
549,7,7,7,29. 下列哪项不是沙眼衣原体肺炎的临床特点  (2.5分),A.病理改变特征为间质性肺炎 B.多见于1～3个月以内的婴儿 C.起病缓慢 D.大多有发热 E.阵发性咳嗽,D.大多有发热
550,7,7,7,30. 支气管扩张的发病机制不包括(2.5分),A.支气管肺感染 B.支气管狭窄 C.支气管周围纤维组织牵拉 D.吸烟 E.纤毛发育不全,D.吸烟
551,7,7,7,31. 支气管扩张的临床表现除(2.5分),A.慢性咳嗽 B.大量脓痰 C.反复咯血 D.反复左下叶感染 E.夜间阵发性呼吸困难,E.夜间阵发性呼吸困难
552,7,7,7,32. 关于干性支气管扩张下列哪项正确(2.5分),A.病变多位于下叶，咳嗽咳痰少，咯血常见，常见于结核感染后 B.病变多位于上叶，咳嗽咳痰少，咯血少见，常见于流感后 C.病变多位于上叶，咳嗽咳痰少，咯血常见，常见与结核感染后 D.病变多位于上叶，咳嗽咳痰多，咯血少见，常见于细支气管炎后 E.病变多位于下叶，咳嗽咳痰多，咯血少见，常见于结核感染后,C.病变多位于上叶，咳嗽咳痰少，咯血常见，常见与结核感染后
553,7,7,7,33. 患者，男性，67岁，反复咳嗽咳脓痰60年，加重1周伴发热入院。胸部CT显示两下肺纹理粗乱，左下肺见多个囊状阴影，部分可见气液平，右中叶支气管管壁增厚，血常规提示：白细胞15 X 109/L，N85%，动脉血气分析提示氧分压56mmHg，二氧化碳分压35mmHg。该患者的诊断是： (2.5分),A.慢性支气管炎急性发作，I型呼吸衰竭 B.肺结核，II型呼吸衰竭 C.支气管哮喘，I型呼吸衰竭 D.支气管扩张，I型呼吸衰竭 E.肺脓肿，II型呼吸衰竭,D.支气管扩张，I型呼吸衰竭
554,7,7,7,34. 男，45岁，长期吸烟；近两个月来咳嗽加重及咯血丝痰，查体右上肺局限性哮鸣音，余未见异常。该患者哪种可能性大? (2.5分),A.支气管哮喘 B.支气管扩张症 C.右上肺癌 D.急性左心衰 E.慢性支气管炎,C.右上肺癌
555,7,7,7,35. 慢性支气管炎患者，今晨突感左上胸短暂刺痛，逐渐感呼吸困难，不能平卧，心率120次/分，律不齐，左肺呼吸音明显减弱，你考虑出现了哪种情况(3.0分),A.心绞痛  B.肺不张   C.胸膜炎     D.自发性气胸   E.急性左心衰竭,D.自发性气胸  
556,7,7,7,36. Kartagener综合征是指(2.5分),A.支气管扩张、鼻炎及内脏转位； B.支气管扩张、鼻窦炎及内脏转位； C.支气管扩张、鼻窦炎及肾小球肾炎； D.支气管扩张、鼻炎及肾小球肾炎。,B.支气管扩张、鼻窦炎及内脏转位；
557,7,7,7,37. 用痰量来区分支气管扩张患者的咳痰情况，重度咳痰是指：(2.5分),A.痰量﹥100ml/d； B.痰量﹥150ml/d； C.痰量﹥200ml/d； D.痰量﹥250ml/d。,B.痰量﹥150ml/d；
558,7,7,7,38. 柱状支气管扩张的典型X线表现是：(2.5分),A.轨道征； B.卷发样阴影； C.蜂窝状透亮阴影； D.肺纹理粗乱。 ,A.轨道征；
559,7,7,7,39. 男性，37岁。右上叶肺癌切除术后24小时，肺癌的非转移性全身症状即逐渐消失。此类症状不包括 (2.5分),A.骨关节痛 B.重症肌无力 C.男性乳腺增大 D.Cushing综合征 E.  颈交感神经综合征,E.  颈交感神经综合征
836,8,7,7,1. 肺心病急性呼吸衰竭患者血气分析结果：pH7.18PaCO274.6mmHg，HCO3-17.6mmol/L，剩余碱-6，你考虑下列哪一项论断正确(3.0分),A.代谢性酸中毒 B.呼吸性酸中毒并代谢性酸中毒，失代偿期 C.代谢性碱中毒 D.呼吸性碱中毒 E.以上都不是,B.呼吸性酸中毒并代谢性酸中毒，失代偿期
837,8,7,7,2. 慢性支气管炎患者，今晨突感左上胸短暂刺痛，逐渐感呼吸困难，不能平卧，心率120次/分，律不齐，左肺呼吸音明显减弱，你考虑出现了哪种情况(3.0分),A.心绞痛  B.肺不张   C.胸膜炎  D.自发性气胸   E.急性左心衰竭,D.自发性气胸  
838,8,7,7,3. 男性，60岁，慢性咳嗽、咳痰12年，气急3年，呈逐渐加重，胸片示肋间隙增宽、双肺透亮度增加，两下肺纹理乱，最可能的诊断是(3.0分),A.支气管扩张 B.慢性支气管炎 C.慢性阻塞性肺气肿 D.机化性肺炎 E.支气管哮喘,C.慢性阻塞性肺气肿
839,8,7,7,4. 男，55岁，吸烟史35年。活动后气急3年。下列哪项指标对诊断肺气肿最有意义(3.0分),A.心电图呈低电压 B.动脉血氧分压下降 C.最大通气量＜预计值90％ D.残气量／肺总量比＞40％ E.FEV1／FVC％＜70％,D.残气量／肺总量比＞40％
840,8,7,7,5. 男，55岁，反复咳嗽气促20年，有吸烟史25年。1小时前提重物时突发胸闷、呼吸困难，病情逐渐加重。查体：呼吸促，口唇发绀，气管右偏，胸廓呈桶状，左上胸叩诊呈鼓音，左肺呼吸音消失，胸部皮下有捻发感。该患者诊断最可能为(3.0分),A.慢性阻塞性肺疾病 B.慢性阻塞性肺疾病并气胸 C.慢性阻塞性肺疾病并心肌梗死 D.慢性阻塞性肺疾病，左心衰竭 E.支气管哮喘持续状态,B.慢性阻塞性肺疾病并气胸
841,8,7,7,6. 小儿肺炎引起全身各系统病理生理变化的关键是(3.0分),A.病原体直接损害 B.缺氧与二氧化碳潴留 C.电解质紊乱 D.高热 E.酸中毒,B.缺氧与二氧化碳潴留
842,8,7,7,7. 呼吸系统分为上下呼吸道，其分界处为 (3.0分),A.喉部 B.声带 C.环状软骨下缘 D.总气管分叉部 E.会厌软骨下缘,C.环状软骨下缘
843,8,7,7,8. 6岁小儿，发热10天，伴右侧胸痛，刺激性咳嗽。查体：精神尚可，体温38.5℃，呼吸35次/min。右下肺叩诊浊音，听诊呼吸音明显减弱。胸片示右肺中部云雾状浸润影，右肺下部均匀致密阴影，肋膈角消失。血白细胞8×109/L，中性粒细胞52%，淋巴细胞48%，血沉45mm。结核菌素试验1:2000，硬结10mm×10mm，血冷凝集试验1:128。最可能的诊断是 (3.0分),A.金黄色葡萄球菌肺炎并发脓胸 B.大叶性肺炎并发脓胸 C.结核性胸膜炎 D.腺病毒性肺炎并发渗出性胸膜炎 E.支原体肺炎并发渗出性胸膜炎,E.支原体肺炎并发渗出性胸膜炎
844,8,7,7,9. 对年幼儿童哮喘诊断最可靠的是 (3.0分),A.哮喘呈反复发作 B.有家族史 C.发作时肺部有哮鸣音 D.肺功能 E.平喘治疗有效,E.平喘治疗有效
845,8,7,7,10. 下列肺癌的描述中，哪项是正确的？(3.0分),A.腺癌的发生率近年有下降趋势 B.小细胞癌多呈弥漫型 C.鳞状细胞癌多有吸烟史 D.周围型多为鳞癌 E.细支气管肺泡癌多为中央型,C.鳞状细胞癌多有吸烟史
846,8,7,7,11. 下列哪项对肺鳞癌不正确？(3.0分),A.肺癌中最常见 B.常为中心型 C.生长迅速，病程短 D.对放疗、化疗敏感性不佳 E.血行转移发生晚,C.生长迅速，病程短
847,8,7,7,12. 患者女，56岁，无吸烟40年，体检拍胸片发现右上肺于第3前肋间近外侧胸壁处有直径2.5 cm结节影，边缘不清。3次痰液检查均未发现癌细胞和抗酸杆菌。为明确诊断，最好行下列哪种检查?(4.0分),A.重复痰液细胞学检查     B.胸部CT     C.MRI D.纤维支气管镜下穿刺活检  E.经胸壁穿刺活检  ,E.经胸壁穿刺活检  
848,8,7,7,13. 男性，49岁。刺激性咳嗽5个月，视物不清10天。胸片示左肺上叶尖段边缘直径8cm不规则块状阴影。此病变造成的颈交感神经综合征不包括(3.0分),A.面部无汗 B.瞳孔缩小 C.眼球内陷 D.声音嘶哑 E.上眼睑下垂,D.声音嘶哑
849,8,7,7,14. 男性，37岁。右上叶肺癌切除术后24小时，肺癌的非转移性全身症状即逐渐消失。此类症状不包括(3.0分),A.骨关节痛 B.重症肌无力 C.男性乳腺增大 D.Cushing综合征 E.颈交感神经综合征,E.颈交感神经综合征
850,8,7,7,15. 有一长期低热，胸痛，乏力病人。近日来咳嗽加剧，痰中带有血丝，血沉加快。CT扫描示：右上肺类圆形阴影，内有点状钙化影。病灶周围散在索条状，斑点状影。可诊断为(3.0分),A.结核球 B.肺癌 C.炎性假瘤 D.过敏性肺炎,A.结核球
851,8,7,7,16. 关于周围型肺癌毛刺征的描述，不正确的是： (3.0分),A.近端略粗远侧变细  B.粗毛刺一般较短，粗细不均  C.细毛刺数目较多，围绕肿瘤发射状分布 D.是癌组织向周围浸润所致,B.粗毛刺一般较短，粗细不均 
852,8,7,7,17. 检查软组织肿瘤最佳方法是(3.0分),A.超声成像    B.X线片  C.CT    D.ECT    E.MRI ,E.MRI 
853,8,7,7,18. 患者，女，30岁，胸部不适1年余，CT示前纵隔类圆形肿物，密度不均匀，内有脂肪分层，可能的诊断是(3.0分),A.畸胎瘤  B.胸腺瘤  C.脂肪瘤  D.淋巴瘤 E.胸内甲状腺肿 ,A.畸胎瘤 
854,8,7,7,19. 对社区获得性肺炎的诊断，下列哪一项是必须的。(3.0分),A.新近出现的咳嗽、咳痰 B.发热 C.胸部 X 线检查显示有肺炎表现 D.WBC>10×109/L或<4×109/L,C.胸部 X 线检查显示有肺炎表现
855,8,7,7,"20. 社区获得性肺炎（CAP）是指在医院外获得的,肺实质（含肺泡壁，即广义上的肺间质）炎症。(3.0分)",A.过敏性 B.化学性 C.放射性 D.感染性,D.感染性
856,8,7,7,21. 在我国，最常见的支气管扩张的原因是：(3.0分),A.感染后性支扩、结核后性支扩； B.感染后性支扩、先天发育缺损所致支扩； C.结核后性支扩、遗传性疾病所致支扩； D.免疫缺陷疾病所致支扩、系统性疾病所致支扩,A.感染后性支扩、结核后性支扩；
857,8,7,7,22. 支气管扩张典型的临床表现为(3.0分),A.慢性咳嗽，咳痰，呼吸困难； B.慢性咳嗽，咯血，呼吸困难； C.慢性咳痰，喀血，呼吸困难； D.慢性咳嗽，咳痰，咯血。,D.慢性咳嗽，咳痰，咯血。
858,8,7,7,23. 结核性支扩多见于： (3.0分),A.下叶基底段支气管及其分支； B.叶支气管及其分支； C.上叶尖后段支气管及其分支； D.舌叶支气管及其分支。,C.上叶尖后段支气管及其分支；
859,8,7,7,24. Kartagener综合征是指： (3.0分),A.支气管扩张、鼻炎及内脏转位； B.支气管扩张、鼻窦炎及内脏转位； C.支气管扩张、鼻窦炎及肾小球肾炎； D.支气管扩张、鼻炎及肾小球肾炎。,B.支气管扩张、鼻窦炎及内脏转位；
860,8,7,7,25. 柱状支气管扩张的典型X线表现是：(3.0分),A.轨道征； B.卷发样阴影； C.蜂窝状透亮阴影； D.肺纹理粗乱。 ,A.轨道征；
861,8,7,7,26. 吸入性肺脓肿（原发性）最常见的病原菌是(3.0分),A.结核分枝杆菌 B.肺炎支原体 C.G+球菌、G-杆菌、厌氧菌及其混合病原菌 D.PRSP,C.G+球菌、G-杆菌、厌氧菌及其混合病原菌
862,8,7,7,27. 慢性肺脓肿是指病程(3.0分),A.大于1个月 B.大于2个月 C.大于3个月  D.大于4个月,C.大于3个月 
863,8,7,7,28. 急性肺脓疡的治疗原则是(3.0分),A.抗感染和痰液引流 B.联合应用抗生素 C.尽早手术治疗 D.镇咳等对症治疗,A.抗感染和痰液引流
864,8,7,7,29. 婴幼儿肺炎最常见的病理类型是 (3.0分),A.间质性肺炎 B.支气管肺炎 C.大叶性肺炎 D.毛细支气管炎 E.支气管间质性肺炎,B.支气管肺炎
865,8,7,7,30. 男孩1岁，发热、咳嗽8天，体检皮肤猩红热样皮疹，呼吸急促，右肺背部叩诊浊音，两肺中、细湿啰音，心率160/min，律齐，肝右肋下1.5cm，血WBC18.3×109/L，中性粒细胞78%，淋巴细胞22%，本例最可能的诊断(3.0分),A.腺病毒肺炎 B.毛细支气管炎 C.肺炎支原体肺炎 D.革兰阴性杆菌肺炎 E.金黄色葡萄球菌性肺炎,E.金黄色葡萄球菌性肺炎
866,8,7,7,31. 对毛细支气管炎的描述哪项是错误的(3.0分),A.两肺哮鸣音 B.多为稽留热 C.呼气性喘息 D.两肺可闻中细湿啰音,B.多为稽留热
867,8,7,7,32. 下列哪项不是沙眼衣原体肺炎的临床特点 (3.0分),A.病理改变特征为间质性肺炎 B.多见于1～3个月以内的婴儿 C.起病缓慢 D.大多有发热 E.明显喘憋,D.大多有发热
868,8,7,7,33. 下列哪类患者可以行MR检查(3.0分),A.带有心脏起搏器者  B.心脏病患者  C.术后动脉夹存留者 D.换有人工金属瓣膜 E.阵发性咳嗽,B.心脏病患者 
1192,9,7,7,1. 肺心病急性呼吸衰竭患者血气分析结果：pH7.18PaCO274.6mmHg，HCO3-17.6mmol/L，剩余碱-6，你考虑下列哪一项论断正确(2.0分),A.代谢性酸中毒 B.呼吸性酸中毒并代谢性酸中毒，失代偿期 C.代谢性碱中毒 D.呼吸性碱中毒 E.以上都不是,B.呼吸性酸中毒并代谢性酸中毒，失代偿期
1193,9,7,7,2. 慢性支气管炎患者，今晨突感左上胸短暂刺痛，逐渐感呼吸困难，不能平卧，心率120次/分，律不齐，左肺呼吸音明显减弱，你考虑出现了哪种情况(2.0分),A.心绞痛 B.肺不张  C.胸膜炎 D.自发性气胸 E.急性左心衰竭,D.自发性气胸
1194,9,7,7,3. 男性，60岁，慢性咳嗽、咳痰12年，气急3年，呈逐渐加重，胸片示肋间隙增宽、双肺透亮度增加，两下肺纹理乱，最可能的诊断是(2.0分),A.支气管扩张 B.慢性支气管炎 C.慢性阻塞性肺气肿 D.机化性肺炎 E.支气管哮喘,C.慢性阻塞性肺气肿
1195,9,7,7,4. 男，55岁，吸烟史35年。活动后气急3年。下列哪项指标对诊断肺气肿最有意义(2.0分),A.心电图呈低电压 B.动脉血氧分压下降 C.最大通气量＜预计值90％ D.残气量／肺总量比＞40％ E.FEV1／FVC％＜70％,D.残气量／肺总量比＞40％
1196,9,7,7,5. 慢性阻塞性肺气肿的体征，下列哪项是不正确的(2.0分),A.呼气相延长 B.心音遥远 C.呼吸音减低 D.桶状胸 E.管状呼吸音,E.管状呼吸音
1197,9,7,7,6. 慢性阻塞性肺气肿的主要症状为(2.0分),A.心悸 B.口唇发绀  C.右心衰竭 D.突发性喘息 E.逐渐加重的呼吸困难,E.逐渐加重的呼吸困难
1198,9,7,7,7. 慢性支气管炎最常见的并发症是(2.0分),A.阻塞性肺气肿 B.慢性肺源性心脏病 C.肺性脑病  D.呼吸衰竭 E.心力衰竭,A.阻塞性肺气肿
1199,9,7,7,8. 一例右肺压缩95％的气胸患者在行胸腔穿刺排气过程后突然出现严重气促、呼吸困难、发绀、咯粉红色泡沫痰，肺部听诊双肺呼吸音粗，右肺可闻较多干、湿性啰音，应考虑又出现：(2.0分),A.肺栓塞 B. 张力性气胸 C. 急性心肌梗死 D.心源性哮喘 E.复张性肺水肿,E.复张性肺水肿
1200,9,7,7,9. 男，55岁，反复咳嗽气促20年，有吸烟史25年。1小时前提重物时突发胸闷、呼吸困难，病情逐渐加重。查体：呼吸促，口唇发绀，气管右偏，胸廓呈桶状，左上胸叩诊呈鼓音，左肺呼吸音消失，胸部皮下有捻发感。该患者诊断最可能为(2.0分),A.慢性阻塞性肺疾病 B.慢性阻塞性肺疾病并气胸 C.慢性阻塞性肺疾病并心肌梗死 D.慢性阻塞性肺疾病，左心衰竭 E.支气管哮喘持续状态,B.慢性阻塞性肺疾病并气胸
1201,9,7,7,10. 小儿急性上呼吸道感染的最主要病原体是(2.0分),A.肺炎链球菌 B.厌氧菌 C.真菌 D.病毒 E.以上均不是,D.病毒
1202,9,7,7,11. 小儿肺炎引起全身各系统病理生理变化的关键是(2.0分),A.病原体直接损害 B.缺氧与二氧化碳潴留 C.电解质紊乱 D.高热 E.酸中毒,B.缺氧与二氧化碳潴留
1203,9,7,7,12. 呼吸系统分为上下呼吸道，其分界处为  (2.0分),A.喉部 B.声带 C.环状软骨下缘 D.总气管分叉部 E.会厌软骨下缘,C.环状软骨下缘
1204,9,7,7,13. 婴幼儿肺炎最常见的病理类型是(2.0分),A.间质性肺炎 B.支气管肺炎 C.大叶性肺炎 D.毛细支气管炎 E.支气管间质性肺炎,B.支气管肺炎
1205,9,7,7,14. 男孩1岁，发热、咳嗽8天，体检皮肤猩红热样皮疹，呼吸急促，右肺背部叩诊浊音，两肺中、细湿啰音，心率160/min，律齐，肝右肋下1.5cm，血WBC18.3×109/L，中性粒细胞78%，淋巴细胞22%，本例最可能的诊断(2.0分),A.腺病毒肺炎 B.毛细支气管炎 C.肺炎支原体肺炎 D.革兰阴性杆菌肺炎 E.金黄色葡萄球菌性肺炎,E.金黄色葡萄球菌性肺炎
1206,9,7,7,15. 对毛细支气管炎的描述哪项是错误的］(2.0分),A.两肺哮鸣音 B.多为稽留热 C.呼气性喘息 D.两肺可闻中细湿啰音,B.多为稽留热
1207,9,7,7,16. 下列哪项不是沙眼衣原体肺炎的临床特点 (2.0分),A.病理改变特征为间质性肺炎 B.多见于1～3个月以内的婴儿 C.起病缓慢 D.大多有发热 E.明显喘憋,D.大多有发热
1208,9,7,7,17. 婴幼儿肺炎合并脓胸时应首先给予哪项治疗  (2.0分),A.大剂量抗生素静点 B.激素治疗 C.静脉丙种球蛋白 D.胸腔穿刺排脓 E.阵发性咳嗽,D.胸腔穿刺排脓
1209,9,7,7,18. 关于支原体肺炎，哪项不正确(2.0分),A.可有发热 B.起病缓慢 C.肺部可闻及湿啰音 D.多发生于6个月以下婴儿 E.胸廓成形术治疗,D.多发生于6个月以下婴儿
1210,9,7,7,19. 6岁小儿，发热10天，伴右侧胸痛，刺激性咳嗽。查体：精神尚可，体温38.5℃，呼吸35次/min。右下肺叩诊浊音，听诊呼吸音明显减弱。胸片示右肺中部云雾状浸润影，右肺下部均匀致密阴影，肋膈角消失。血白细胞8×109/L，中性粒细胞52%，淋巴细胞48%，血沉45mm。结核菌素试验1:2000，硬结10mm×10mm，血冷凝集试验1:128。最可能的诊断是  (2.0分),A.金黄色葡萄球菌肺炎并发脓胸 B.大叶性肺炎并发脓胸 C.结核性胸膜炎 D.腺病毒性肺炎并发渗出性胸膜炎 E.病理特征可为间质性改变,E.病理特征可为间质性改变
1211,9,7,7,20. 早期中心型肺癌的常见症状是(2.0分),A.高热、胸痛    B.声音嘶哑     C.上肢及颜面部肿胀 D.咳嗽、血痰     E.支原体肺炎并发渗出性胸膜炎,D.咳嗽、血痰    
1212,9,7,7,21. 肺癌组织学类型中多见于女性的是(2.0分),A.鳞状细胞癌     B.腺癌         C.小细胞癌 D.大细胞癌       E.胸闷、呼吸困难    ,B.腺癌        
1213,9,7,7,22. 肺癌的转移方式中，下列何者正确?(2.0分),A.鳞癌发生血行转移出现早 B.肺泡细胞癌，早期血行淋巴转移 C.腺癌早期发生淋巴转移，血行转移较晚 D.低分化癌早期出现血行，淋巴转移 E.燕麦细胞癌   ,D.低分化癌早期出现血行，淋巴转移
1214,9,7,7,23. 患者女，56岁，无吸烟40年，体检拍胸片发现右上肺于第3前肋间近外侧胸壁处有直径2.5 cm结节影，边缘不清。3次痰液检查均未发现癌细胞和抗酸杆菌。为明确诊断，最好行下列哪种检查?(2.0分),A.重复痰液细胞学检查     B.胸部CT     C.MRI D.纤维支气管镜下穿刺活检  E.淋巴转移只发生肺癌同侧,E.淋巴转移只发生肺癌同侧
1215,9,7,7,24. 男性，60岁。40年前患过肺结核外，平素健康。有吸烟史20年，每天20支，近3个月来有刺激性咳嗽，痰中偶有血丝，有时发热。X线示:右肺上叶前段有2cm×2.5cm的块状阴影，边缘不整呈分叶状，痰查脱落细胞3次均阴性，诊断首先考虑(2.0分),A.肺结核 B.肺脓肿 C.肺囊肿 D.肺癌 E.经胸壁穿刺活检    ,D.肺癌
1216,9,7,7,25. 男性，49岁。刺激性咳嗽5个月，视物不清10天。胸片示左肺上叶尖段边缘直径8cm不规则块状阴影。此病变造成的颈交感神经综合征不包括(2.0分),A.面部无汗 B.瞳孔缩小 C.眼球内陷 D.声音嘶哑 E.肺良性肿瘤,D.声音嘶哑
1217,9,7,7,26. 正常成人心胸比值一般不超过(2.0分),A.0.45 B.0.50 C.0.55 D.0.6 E.上眼睑下垂,B.0.50
1218,9,7,7,27. 关于周围型肺癌毛刺征的描述，不正确的是： (2.0分),A.近端略粗远侧变细  B.粗毛刺一般较短，粗细不均  C.细毛刺数目较多，围绕肿瘤发射状分布 D.是癌组织向周围浸润所致 E.0.4,B.粗毛刺一般较短，粗细不均 
1219,9,7,7,28. 检查软组织肿瘤最佳方法是(2.0分),A.超声成像 B.X线片 C.CT   D.ECT ,不知道
1220,9,7,7,29. 患者，女，30岁，胸部不适1年余，CT示前纵隔类圆形肿物，密度不均匀，内有脂肪分层，可能的诊断是 (2.0分),A.畸胎瘤 B.胸腺瘤  C.脂肪瘤  D.淋巴瘤 E.MRI ,A.畸胎瘤
1221,9,7,7,30. 风湿性心脏病二尖瓣狭窄时，心影呈：(2.0分),A.梨形心 B.横位心 C.靴形心 D.悬滴状心 E.胸内甲状腺肿 ,A.梨形心
1222,9,7,7,31. 结核性支扩多见于(2.0分),A.下叶基底段支气管及其分支； B.中叶支气管及其分支； C.上叶尖后段支气管及其分支； D.舌叶支气管及其分支。 E.球形心,C.上叶尖后段支气管及其分支；
1223,9,7,7,32. Kartagener综合征是指：(2.0分),A.支气管扩张、鼻炎及内脏转位； B.支气管扩张、鼻窦炎及内脏转位； C.支气管扩张、鼻窦炎及肾小球肾炎； D.支气管扩张、鼻炎及肾小球肾炎。,B.支气管扩张、鼻窦炎及内脏转位；
1224,9,7,7,33. 用痰量来区分支气管扩张患者的咳痰情况，重度咳痰是指：(2.0分),A.痰量﹥100ml/d； B.痰量﹥150ml/d； C.痰量﹥200ml/d； D.痰量﹥250ml/d。,B.痰量﹥150ml/d；
1225,9,7,7,34. 干性支气管扩张的主要临床表现是：(2.0分),A.反复咳嗽； B.反复咳痰； C.反复咯血； D.反复呼吸困难。,C.反复咯血；
1226,9,7,7,35. 咯血患者的正确体位是：(2.0分),A.仰卧位； B.俯卧位； C.健侧卧位； D.患侧卧位。,D.患侧卧位。
1227,9,7,7,36. 柱状支气管扩张的典型X线表现是：(2.0分),A.轨道征； B.卷发样阴影； C.蜂窝状透亮阴影； D.肺纹理粗乱。 ,A.轨道征；
1228,9,7,7,37. 引起哮喘不可逆气道阻塞的原因是：(2.0分),A.支气管平滑肌痉挛     B.炎性细胞浸润      C.气道粘膜水肿         D.气道重构      ,D.气道重构      
1229,9,7,7,38. 支气管哮喘典型和不典型的临床症状分别是： (2.0分),A.反复发作性伴有哮鸣音的呼气性呼吸困难/胸闷或干咳  B.胸闷/发热  C.干咳/反复发作性呼气困难  D.发热、干咳/胸疼、咯血  E.粘液栓形成,A.反复发作性伴有哮鸣音的呼气性呼吸困难/胸闷或干咳 
1230,9,7,7,39. 中重度支气管哮喘最基础的治疗药物是： (2.0分),A.茶碱类        B.β受体激动剂    C.抗胆碱能类  D.吸入性糖皮质激素    E.渐进性呼吸困难/胸闷或干咳,D.吸入性糖皮质激素   
1231,9,7,7,40. 支气管哮喘急性发作伴窦性心动过速，哪项治疗是错误的： (2.0分),A.甲强龙静滴           B.鼻导管吸氧       C.硫酸沙丁胺醇吸入       D.异丙托溴铵吸入        E.抗过敏类,E.抗过敏类
1232,9,7,7,41. 哮喘中度发作时动脉血气变化为： (2.0分),A.PaO2正常，PaCO2正常  B.PaO2正常，PaCO2降低  C.PaO2下降，PaCO2降低  D.PaO2正常，PaCO2升高  E.普萘洛尔口服,C.PaO2下降，PaCO2降低 
1233,9,7,7,42. 有关哮喘的实验室检查哪项可能错误： (2.0分),A.痰液检查可见较多嗜酸粒细胞      B.胸部X线检查双肺透亮度增加   C.发作时血嗜酸粒细胞数可增高                                D.血气分析均有缺氧和PaCO2降低   E.PaO2下降，PaCO2升高,D.血气分析均有缺氧和PaCO2降低  
1234,9,7,7,43. 现行支气管舒张试验阳性的标准为： (2.0分),A.FEV1增加≥12%，且FEV1增加绝对值≥200 ml B.FEV1增加≥12%，或者FEV1增加绝对值≥200 ml C.FEV1增加≥20%，且FEV1增加绝对值≥200 ml D.FEV1增加≥20%，或者FEV1增加绝对值≥200 ml E.发作时呼吸功能检查有关呼吸流速的全部指标均显著下降,A.FEV1增加≥12%，且FEV1增加绝对值≥200 ml
1235,9,7,7,44. 治疗哮喘的药物可以分为控制药物和缓解药物，下列描述正确的是： (2.0分),A.白三烯调节剂属于缓解型药物 B.缓释茶碱属于缓解型药物 C.抗IgE抗体属于控制型药物 D.长效β2受体激动剂一定是缓解型药物,C.抗IgE抗体属于控制型药物
1236,9,7,7,45. 哮喘急性发作时首选的治疗药物是： (2.0分),A.静脉糖皮质激素 B.吸入速效β2受体激动剂 C.吸入抗胆碱能药物 D.抗生素,B.吸入速效β2受体激动剂
1237,9,7,7,46. 关于支气管哮喘错误的是 (2.0分),A.与遗传有关 B.气道高反应性 C.反复发作呼气性呼吸困难 D.可自行或经治疗后缓解,不知道
1238,9,7,7,47. 对年幼儿童哮喘诊断最可靠的是(2.0分),A.哮喘呈反复发作 B.有家族史 C.发作时肺部有哮鸣音 D.肺功能 E.发作停止后应及时停药,E.发作停止后应及时停药
1239,9,7,7,48. .男性，37岁。右上叶肺癌切除术后24小时，肺癌的非转移性全身症状即逐渐消失。此类症状不包括(2.0分),A.骨关节痛 B.重症肌无力 C.男性乳腺增大 D.Cushing综合征 E.平喘治疗有效,E.平喘治疗有效
1240,9,7,7,49. 男，55岁，长期吸烟；近两个月来咳嗽加重及咯血丝痰，查体右上肺局限性哮鸣音，余未见异常。该患者哪种可能性大?(2.0分),A.支气管哮喘 B.支气管扩张症 C.右上肺癌 D.急性左心衰 E.颈交感神经综合征,C.右上肺癌
1241,9,7,7,50. 有一长期低热，胸痛，乏力病人。近日来咳嗽加剧，痰中带有血丝，血沉加快。CT扫描示：右上肺类圆形阴影，内有点状钙化影。病灶周围散在索条状，斑点状影。可诊断为：(2.0分),A.结核球 B.肺癌 C.炎性假瘤 D.过敏性肺炎 E.慢性支气管炎,A.结核球
1554,10,7,7,1. 小儿急性上呼吸道感染的最主要病原体是(2.5分),A.肺炎链球菌 B.厌氧菌 C.真菌 D.病毒 E.以上均不是,D.病毒
1555,10,7,7,2. 小儿肺炎引起全身各系统病理生理变化的关键是(2.5分),A.病原体直接损害 B.缺氧与二氧化碳潴留 C.电解质紊乱 D.高热 E.酸中毒,B.缺氧与二氧化碳潴留
1556,10,7,7,3. 呼吸系统分为上下呼吸道，其分界处为(2.5分),A.喉部 B.声带 C.环状软骨下缘 D.总气管分叉部 E.会厌软骨下缘,C.环状软骨下缘
1557,10,7,7,4. 年长儿童肺炎最常见的病原是(2.5分),A.呼吸道合胞病毒 B.腺病毒 C.流感嗜血杆菌 D.沙眼衣原体 E.肺炎支原体,E.肺炎支原体
1558,10,7,7,5. 下列哪项药物是哮喘急性发作的首选药物 (2.5分),A.吸入型?2受体激动剂 B.全身用激素 C.吸入型糖皮质激素 D.抗生素 E.抗胆碱能药物,A.吸入型?2受体激动剂
1559,10,7,7,6. 关于支气管哮喘错误的是(2.5分),A.与遗传有关 B.气道高反应性 C.反复发作呼气性呼吸困难 D.可自行或经治疗后缓解 E.发作停止后应及时停药,E.发作停止后应及时停药
1560,10,7,7,7. 对年幼儿童哮喘诊断最可靠的是(2.5分),A.哮喘呈反复发作 B.有家族史 C.发作时肺部有哮鸣音 D.肺功能 E.平喘治疗有效,E.平喘治疗有效
1561,10,7,7,8. 男孩1岁，发热、咳嗽8天，体检皮肤猩红热样皮疹，呼吸急促，右肺背部叩诊浊音，两肺中、细湿啰音，心率160/min，律齐，肝右肋下1.5cm，血WBC18.3×109/L，中性粒细胞78%，淋巴细胞22%，本例最可能的诊断(2.5分),A.腺病毒肺炎 B.毛细支气管炎 C.肺炎支原体肺炎 D.革兰阴性杆菌肺炎 E.金黄色葡萄球菌性肺炎,E.金黄色葡萄球菌性肺炎
1562,10,7,7,9. 对毛细支气管炎的描述哪项是错误的 (2.5分),A.两肺哮鸣音 B.多为稽留热 C.呼气性喘息 D.两肺可闻中细湿啰音 E.明显喘憋,B.多为稽留热
1563,10,7,7,10. 下列哪项不是沙眼衣原体肺炎的临床特点(2.5分),A.病理改变特征为间质性肺炎 B.多见于1～3个月以内的婴儿 C.起病缓慢 D.大多有发热 E.阵发性咳嗽,D.大多有发热
1564,10,7,7,11. 婴幼儿肺炎合并脓胸时应首先给予哪项治疗(2.5分),A.大剂量抗生素静点 B.激素治疗 C.静脉丙种球蛋白 D.胸腔穿刺排脓 E.胸廓成形术治疗,D.胸腔穿刺排脓
1565,10,7,7,12. 关于支原体肺炎，哪项不正确(2.5分),A.可有发热 B.起病缓慢 C.肺部可闻及湿啰音 D.多发生于6个月以下婴儿 E.病理特征可为间质性改变,D.多发生于6个月以下婴儿
1566,10,7,7,13. 肺心病急性呼吸衰竭患者血气分析结果：pH7.18PaCO274.6mmHg，HCO3-17.6mmol/L，剩余碱-6，你考虑下列哪一项论断正确(2.5分),A.代谢性酸中毒 B.呼吸性酸中毒并代谢性酸中毒，失代偿期 C.代谢性碱中毒 D.呼吸性碱中毒 E.以上都不是,B.呼吸性酸中毒并代谢性酸中毒，失代偿期
1567,10,7,7,14. 慢性支气管炎患者，今晨突感左上胸短暂刺痛，逐渐感呼吸困难，不能平卧，心率120次/分，律不齐，左肺呼吸音明显减弱，你考虑出现了哪种情况(2.5分),A.心绞痛 B.肺不张 C.胸膜炎 D.自发性气胸 E.急性左心衰竭,D.自发性气胸
1568,10,7,7,15. 男性，60岁，慢性咳嗽、咳痰12年，气急3年，呈逐渐加重，胸片示肋间隙增宽、双肺透亮度增加，两下肺纹理乱，最可能的诊断是(2.5分),A.支气管扩张 B.慢性支气管炎 C.慢性阻塞性肺气肿 D.机化性肺炎 E.支气管哮喘,C.慢性阻塞性肺气肿
1569,10,7,7,16. 男，55岁，吸烟史35年。活动后气急3年。下列哪项指标对诊断肺气肿最有意义(2.5分),A.心电图呈低电压 B.动脉血氧分压下降 C.最大通气量＜预计值90％ D.残气量／肺总量比＞40％ E.FEV1／FVC％＜70％,D.残气量／肺总量比＞40％
1570,10,7,7,17. 慢性阻塞性肺气肿的体征，下列哪项是不正确的(2.5分),A.呼气相延长 B.心音遥远 C.呼吸音减低 D.桶状胸 E.管状呼吸音,E.管状呼吸音
1571,10,7,7,18. 慢性阻塞性肺气肿的主要症状为(2.5分),A.心悸 B.口唇发绀 C.右心衰竭 D.突发性喘息 E.逐渐加重的呼吸困难,E.逐渐加重的呼吸困难
1572,10,7,7,19. 慢性支气管炎最常见的并发症是(2.5分),A.阻塞性肺气肿 B.慢性肺源性心脏病 C.肺性脑病  D.呼吸衰竭 E.心力衰竭,A.阻塞性肺气肿
1573,10,7,7,20. 一例右肺压缩95％的气胸患者在行胸腔穿刺排气过程后突然出现严重气促、呼吸困难、发绀、咯粉红色泡沫痰，肺部听诊双肺呼吸音粗，右肺可闻较多干、湿性啰音，应考虑又出现：(2.5分),A.肺栓塞 B.张力性气胸 C.急性心肌梗死 D.心源性哮喘 E.复张性肺水肿,E.复张性肺水肿
1574,10,7,7,21. 正常成人心胸比值一般不超过 (2.5分),A.0.45  B.0.50 C.0.55  D.0.60 E.0.40 ,B.0.50
1575,10,7,7,22. 下列哪类患者可以行MR检查 (2.5分),A.带有心脏起搏器者 B.心脏病患者 C.术后动脉夹存留者 D.换有人工金属瓣膜,B.心脏病患者
1576,10,7,7,23. 关于周围型肺癌毛刺征的描述，不正确的是(2.5分),A.近端略粗远侧变细 B.粗毛刺一般较短，粗细不均 C.细毛刺数目较多，围绕肿瘤发射状分布 D.是癌组织向周围浸润所致,B.粗毛刺一般较短，粗细不均
1577,10,7,7,24. 检查软组织肿瘤最佳方法是(2.5分),A.超声成像 B.X线片  C.CT  D.ECT E.MRI ,E.MRI 
1578,10,7,7,25. 患者，女，30岁，胸部不适1年余，CT示前纵隔类圆形肿物，密度不均匀，内有脂肪分层，可能的诊断是 (2.5分),A.畸胎瘤 B.胸腺瘤  C.脂肪瘤  D.淋巴瘤 E.胸内甲状腺肿 ,A.畸胎瘤
1579,10,7,7,26. 风湿性心脏病二尖瓣狭窄时，心影呈：(2.5分),A.梨形心  B.横位心 C.靴形心 D.悬滴状心 E.球形心,A.梨形心 
1580,10,7,7,27. 有一长期低热，胸痛，乏力病人。近日来咳嗽加剧，痰中带有血丝，血沉加快。CT扫描示：右上肺类圆形阴影，内有点状钙化影。病灶周围散在索条状，斑点状影。可诊断为：(2.5分),A.结核球 B.肺癌 C.炎性假瘤 D.过敏性肺炎,A.结核球
1581,10,7,7,28. 社区获得性肺炎（CAP）是指在医院外获得的           肺实质（含肺泡壁，即广义上的肺间质）炎症。(2.5分),A.过敏性 B.化学性 C.放射性 D.感染性,D.感染性
1582,10,7,7,29. 以下哪个抗生素可用于青霉素耐药肺炎链球菌（PRSA）的治疗？(2.5分),A.2代头孢 B.头孢曲松 C.丁胺卡那 D.头孢他啶,B.头孢曲松
1583,10,7,7,30. 下列哪一个抗生素可经验性用于铜绿假单胞菌肺炎的治疗。(2.5分),A.青霉素 B.头孢唑林 C.头孢三嗪 D.头孢他啶,D.头孢他啶
1584,10,7,7,31. 引起哮喘不可逆气道阻塞的原因是(2.5分),A.支气管平滑肌痉挛     B.炎性细胞浸润      C.气道粘膜水肿         D.气道重构       E.粘液栓形成,D.气道重构      
1585,10,7,7,32. 支气管哮喘典型和不典型的临床症状分别是(2.5分),A.反复发作性伴有哮鸣音的呼气性呼吸困难/胸闷或干咳  B.胸闷/发热  C.干咳/反复发作性呼气困难  D.发热、干咳/胸疼、咯血  E.渐进性呼吸困难/胸闷或干咳,A.反复发作性伴有哮鸣音的呼气性呼吸困难/胸闷或干咳 
1586,10,7,7,33. 中重度支气管哮喘最基础的治疗药物是： (2.5分),A.茶碱类        B.β受体激动剂    C.抗胆碱能类  D.吸入性糖皮质激素    E.抗过敏类,D.吸入性糖皮质激素   
1587,10,7,7,34. 支气管哮喘急性发作伴窦性心动过速，哪项治疗是错误的 (2.5分),A.甲强龙静滴           B.鼻导管吸氧       C.硫酸沙丁胺醇吸入       D.异丙托溴铵吸入        E.普萘洛尔口服,E.普萘洛尔口服
1588,10,7,7,35. 哮喘中度发作时动脉血气变化为 (2.5分),A.PaO2正常，PaCO2正常  B.PaO2正常，PaCO2降低  C.PaO2下降，PaCO2降低  D.PaO2正常，PaCO2升高  E.PaO2下降，PaCO2升高,C.PaO2下降，PaCO2降低 
1589,10,7,7,36. 肺结核最主要的传播途径是(2.5分),A.飞沫传播 B.接触传播 C.饮食传播 D.母婴传播,A.飞沫传播
1590,10,7,7,37. 下述人群中最易感染结核菌的是(2.5分),A.AIDS患者人群 B.COPD患者人群 C.肺癌患者人群 D.支气管扩张患者人群,A.AIDS患者人群
1591,10,7,7,38. 宿主获得性抗结核保护作用最主要的机制是(2.5分),A.巨噬细胞对结核菌的识别、吞噬 B.T细胞介导的细胞免疫 C.B细胞介导的体液免疫 D.NK细胞介导的杀伤作用,B.T细胞介导的细胞免疫
1592,10,7,7,39. 结核性肉芽肿从病理角度来看，属于何种病理改变(2.5分),A.渗出型病变 B.增生型病变 C.干酪样坏死 D.凝固性坏死,B.增生型病变
1593,10,7,7,40. 易发生于免疫力极度低下者的结核病类型是(2.5分),A.原发型肺结核 B.继发型肺结核 C.慢性纤维空洞型肺结核 D.血行播散型肺结核,D.血行播散型肺结核
1890,11,7,7,1. 肺心病急性呼吸衰竭患者血气分析结果：pH7.18PaCO274.6mmHg，HCO3-17.6mmol/L，剩余碱-6，你考虑下列哪一项论断正确(       )(2.5分),A.代谢性酸中毒 B.呼吸性酸中毒并代谢性酸中毒，失代偿期 C.代谢性碱中毒 D.呼吸性碱中毒 E.以上都不是,B.呼吸性酸中毒并代谢性酸中毒，失代偿期
1891,11,7,7,2. 慢性支气管炎患者，今晨突感左上胸短暂刺痛，逐渐感呼吸困难，不能平卧，心率120次/分，律不齐，左肺呼吸音明显减弱，你考虑出现了哪种情况(       )(2.5分),A.心绞痛 B.肺不张 C.胸膜炎 D.自发性气胸 E.急性左心衰竭,D.自发性气胸
1892,11,7,7,3. 慢性阻塞性肺病的体征，下列哪项是不正确的(       )(2.5分),A.呼气相延长 B.心音遥远 C.呼吸音减低 D.桶状胸 E.管状呼吸音,E.管状呼吸音
1893,11,7,7,4. 慢性阻塞性肺病的标志性症状为(       )(2.5分),A.心悸  B.口唇发绀 C.右心衰竭 D.突发性喘息 E.逐渐加重的呼吸困难,E.逐渐加重的呼吸困难
1894,11,7,7,5. 慢性支气管炎最常见的并发症是(       )(2.5分),A.慢性阻塞性肺病 B.慢性肺源性心脏病 C.肺性脑病 D.呼吸衰竭 E.心力衰竭,A.慢性阻塞性肺病
1895,11,7,7,6. 一例右肺压缩95％的气胸患者在行胸腔穿刺排气过程后突然出现严重气促、呼吸困难、发绀、咯粉红色泡沫痰，肺部听诊双肺呼吸音粗，右肺可闻较多干、湿性啰音，应考虑又出现：(2.5分),A.肺栓塞 B.张力性气胸 C.急性心肌梗死 D.心源性哮喘 E.复张性肺水肿,E.复张性肺水肿
1896,11,7,7,7. 慢性支气管炎病人长期咳脓性痰最可能合并以下哪种疾病？ (2.5分),A.支气管哮喘 B.阻塞性肺气肿 C.支气管扩张 D.肺囊肿,C.支气管扩张
1897,11,7,7,8. 下列哪项不是渗出性胸膜炎的病因？ (2.5分),A.肺炎旁胸腔积液 B.系统性红斑狼疮 C.外伤血气胸 D.缩窄性心包炎,D.缩窄性心包炎
1898,11,7,7,9. 间质性肺病的典型肺功能检查结果不包括以下哪项？ (2.5分),A.FEV1/FVC下降 B.CO弥散量下降 C.VC下降 D.TLC下降,A.FEV1/FVC下降
1899,11,7,7,10. 以下哪种说法错误？ (2.5分),A.肺栓塞的肺通气/血流灌注扫描结果表现为呈肺段分布的肺血流灌注缺损，与通气显像匹配。 B.血常规中中性粒百分比升高提示感染，嗜酸粒百分比升高提示过敏性疾病。 C.致死性胸痛的常见原因包括：急性心梗，主动脉夹层破裂，大面积肺栓塞，爆发性心肌炎。 D.胸闷变异性哮喘是一种不典型哮喘。,A.肺栓塞的肺通气/血流灌注扫描结果表现为呈肺段分布的肺血流灌注缺损，与通气显像匹配。
1900,11,7,7,11. 以下哪种说法错误？ (2.5分),A.HRCT是诊断支气管扩张的重要手段 B.CTPA是筛查肺栓塞的常用方法 C.Velcro啰音是间质性肺病的常见体征，具有很强的诊断特异性 D.杵状指可见于支气管扩张和肺癌,C.Velcro啰音是间质性肺病的常见体征，具有很强的诊断特异性
1901,11,7,7,12. 下列肺癌的描述中，哪项是正确的？(2.5分),A.腺癌的发生率近年有下降趋势 B.小细胞癌多呈弥漫型 C.鳞状细胞癌多有吸烟史 D.周围型多为鳞癌 E.细支气管肺泡癌多为中央型,C.鳞状细胞癌多有吸烟史
1902,11,7,7,13. 下列哪项对肺鳞癌不正确？(2.5分),A.肺癌中最常见 B.常为中心型 C.生长迅速，病程短 D.对放疗、化疗敏感性不佳 E.血行转移发生晚,C.生长迅速，病程短
1903,11,7,7,14. 早期中心型肺癌的常见症状是(2.5分),A.高热、胸痛    B.声音嘶哑     C.上肢及颜面部肿胀 D.咳嗽、血痰     E.胸闷、呼吸困难    ,D.咳嗽、血痰    
1904,11,7,7,15. 肺癌的转移方式中，下列何者正确?(2.5分),A.鳞癌发生血行转移出现早 B.肺泡细胞癌，早期血行淋巴转移 C.腺癌早期发生淋巴转移，血行转移较晚 D.低分化癌早期出现血行，淋巴转移 E.淋巴转移只发生肺癌同侧,D.低分化癌早期出现血行，淋巴转移
1905,11,7,7,16. 男性，49岁。刺激性咳嗽5个月，视物不清10天。胸片示左肺上叶尖段边缘直径8cm不规则块状阴影。此病变造成的颈交感神经综合征不包括(2.5分),A.面部无汗 B.瞳孔缩小 C.眼球内陷 D.声音嘶哑 E.上眼睑下垂,D.声音嘶哑
1906,11,7,7,17. 在我国，最常见的支气管扩张的原因是：(2.5分),A.感染后性支扩、结核后性支扩； B.感染后性支扩、先天发育缺损所致支扩； C.结核后性支扩、遗传性疾病所致支扩； D.免疫缺陷疾病所致支扩、系统性疾病所致支扩。,A.感染后性支扩、结核后性支扩；
1907,11,7,7,18. 支气管扩张典型的临床表现为(2.5分),A.慢性咳嗽，咳痰，呼吸困难； B.慢性咳嗽，咯血，呼吸困难； C.慢性咳痰，喀血，呼吸困难； D.慢性咳嗽，咳痰，咯血。,D.慢性咳嗽，咳痰，咯血。
1908,11,7,7,19. 结核性支扩多见于：                        C(2.5分),A.下叶基底段支气管及其分支； B.中叶支气管及其分支； C.上叶尖后段支气管及其分支； D.舌叶支气管及其分支。,C.上叶尖后段支气管及其分支；
1909,11,7,7,20. 干性支气管扩张的主要临床表现是(2.5分),A.反复咳嗽； B.反复咳痰； C.反复咯血； D.反复呼吸困难。,C.反复咯血；
1910,11,7,7,21. 临床上最常见的睡眠呼吸暂停综合征的类型是(2.5分),A.阻塞型； B.中枢型； C.混合型； D.低通气。,A.阻塞型；
1911,11,7,7,22. 睡眠呼吸暂停是指睡眠过程中口和鼻气流均停止(2.5分),A.5秒以上； B.10秒以上； C.15秒以上； D.20秒以上。,B.10秒以上；
1912,11,7,7,23. 到目前为止，在阻塞型睡眠呼吸暂停综合征的治疗中，疗效最好的是(2.5分),A.减肥治疗； B.药物治疗； C.气道正压通气治疗； D.外科手术治疗。,C.气道正压通气治疗；
1913,11,7,7,24. 有一长期低热，胸痛，乏力病人。近日来咳嗽加剧，痰中带有血丝，血沉加快。CT扫描示：右上肺类圆形阴影，内有点状钙化影。病灶周围散在索条状，斑点状影。可诊断为(2.5分),A.结核球 B.肺癌 C.炎性假瘤 D.过敏性肺炎,A.结核球
1914,11,7,7,25. 关于周围型肺癌毛刺征的描述，不正确的是(2.5分),A.近端略粗远侧变细 B.粗毛刺一般较短，粗细不均 C.细毛刺数目较多，围绕肿瘤发射状分布 D.是癌组织向周围浸润所致,B.粗毛刺一般较短，粗细不均
1915,11,7,7,26. 患者，女，30岁，胸部不适1年余，CT示前纵隔类圆形肿物，密度不均匀，内有脂肪分层，可能的诊断是 (2.5分),A.畸胎瘤 B.胸腺瘤 C.脂肪瘤 D.淋巴瘤 E.胸内甲状腺肿 ,A.畸胎瘤
1916,11,7,7,27. 普通型肺炎链球菌肺炎的治疗最主要的是(2.5分),A.卧床休息、补液 B.鼻导管给氧 C.退热止痛 D.祛痰止咳 E.选用敏感抗菌药物,E.选用敏感抗菌药物
1917,11,7,7,28. 抗生素有效的情况下，影响肺脓肿疗效的主要原因是(2.5分),A.脓肿的部位 B.脓肿的数量 C.痰液引流不畅 D.脓肿的类型 E.没有长期卧床休息,C.痰液引流不畅
1918,11,7,7,29. 在整个病理过程中没有肺泡壁和其他结构损伤的肺炎是(2.5分),A.金黄色葡萄球菌肺炎 B.克雷白杆菌肺炎 C.肺炎球菌肺炎 D.绿脓杆菌肺炎 E.流感嗜血杆菌肺炎,C.肺炎球菌肺炎
1919,11,7,7,30. 有感染高危因素患者的医院获得性肺炎的描述哪一项是错误的(2.5分),A.肺炎链球菌肺炎仍然是最常见 B.革兰阴性杆菌为最主要的致病菌 C.细菌耐药的发生率较高 D.多数患者是由于广泛使用抗生素所致 E.多数患者免疫功能低下,A.肺炎链球菌肺炎仍然是最常见
1920,11,7,7,31. 关于肺炎链球菌肺炎，下列哪一项是正确的(2.5分),A.多发生于年老体弱或免疫功能低下者 B.易形成空洞 C.X 线胸片为大片絮状阴影，以急起寒战、高热、咳嗽、咳铁锈色痰为特征 D.血白细胞增加，分类以嗜酸性粒细胞为主 E.治疗以氨基糖苷类药物为首选,C.X 线胸片为大片絮状阴影，以急起寒战、高热、咳嗽、咳铁锈色痰为特征
1921,11,7,7,32. 与速发性哮喘反应最相关的细胞是(2.5分),A.肥大细胞 B.中性粒细胞      C.巨噬细胞  D.嗜酸性粒细胞    E.气道上皮细胞,A.肥大细胞
1922,11,7,7,33. 引起哮喘不可逆气道阻塞的原因是(2.5分),A.支气管平滑肌痉挛     B.炎性细胞浸润      C.气道粘膜水肿         D.气道重构       E.粘液栓形成,D.气道重构      
1923,11,7,7,34. 支气管哮喘急性发作伴窦性心动过速，哪项治疗是错误的 (2.5分),A.甲强龙静滴           B.鼻导管吸氧       C.硫酸沙丁胺醇吸入       D.异丙托溴铵吸入        E.普萘洛尔口服,E.普萘洛尔口服
1924,11,7,7,35. 哮喘中度发作时动脉血气变化为 (2.5分),A.PaO2正常，PaCO2正常  B.PaO2正常，PaCO2降低  C.PaO2下降，PaCO2降低  D.PaO2正常，PaCO2升高  E.PaO2下降，PaCO2升高,C.PaO2下降，PaCO2降低 
1925,11,7,7,36. 小儿肺炎引起全身各系统病理生理变化的关键是 (2.5分),A.病原体直接损害 B.缺氧与二氧化碳潴留 C.电解质紊乱 D.高热 E.酸中毒,B.缺氧与二氧化碳潴留
1926,11,7,7,37. 呼吸系统分为上下呼吸道，其分界处为 (2.5分),A.喉部 B.声带 C.环状软骨下缘 D.总气管分叉部 E.会厌软骨下缘,C.环状软骨下缘
1927,11,7,7,38. 婴幼儿肺炎最常见的病理类型是(2.5分),A.间质性肺炎 B.支气管肺炎 C.大叶性肺炎 D.毛细支气管炎 E.支气管间质性肺炎,B.支气管肺炎
1928,11,7,7,39. 男孩1岁，发热、咳嗽8天，体检皮肤猩红热样皮疹，呼吸急促，右肺背部叩诊浊音，两肺中、细湿啰音，心率160/min，律齐，肝右肋下1.5cm，血WBC18.3×109/L，中性粒细胞78%，淋巴细胞22%，本例最可能的诊断(2.5分),A.腺病毒肺炎 B.毛细支气管炎 C.肺炎支原体肺炎 D.革兰阴性杆菌肺炎 E.金黄色葡萄球菌性肺炎,E.金黄色葡萄球菌性肺炎
1929,11,7,7,40. 对毛细支气管炎的描述哪项是错误的(2.5分),A.两肺哮鸣音 B.多为稽留热 C.呼气性喘息 D.两肺可闻中细湿啰音 E.明显喘憋,B.多为稽留热
2240,12,7,7,1. 肺心病急性呼吸衰竭患者血气分析结果：pH7.18PaCO274.6mmHg，HCO3-17.6mmol/L，剩余碱-6，你考虑下列哪一项论断正确(2.0分),A.代谢性酸中毒 B.呼吸性酸中毒并代谢性酸中毒，失代偿期 C.代谢性碱中毒 D.呼吸性碱中毒 E.以上都不是,B.呼吸性酸中毒并代谢性酸中毒，失代偿期
2241,12,7,7,2. 慢性支气管炎患者，今晨突感左上胸短暂刺痛，逐渐感呼吸困难，不能平卧，心率120次/分，律不齐，左肺呼吸音明显减弱，你考虑出现了哪种情况(2.0分),A.心绞痛 B.肺不张 C.胸膜炎 D.自发性气胸 E.急性左心衰竭,D.自发性气胸
2242,12,7,7,3. 慢性阻塞性肺病的体征，下列哪项是不正确的(2.0分),A.呼气相延长 B.心音遥远 C.呼吸音减低 D.桶状胸 E.管状呼吸音,E.管状呼吸音
2243,12,7,7,4. 慢性阻塞性肺病的标志性症状为(2.0分),A.心悸 B.口唇发绀 C.右心衰竭 D.突发性喘息  E.逐渐加重的呼吸困难,E.逐渐加重的呼吸困难
2244,12,7,7,5. 慢性支气管炎最常见的并发症是(2.0分),A.慢性阻塞性肺病 B.慢性肺源性心脏病 C.肺性脑病 D.呼吸衰竭  E.心力衰竭,A.慢性阻塞性肺病
2245,12,7,7,6. 一例右肺压缩95％的气胸患者在行胸腔穿刺排气过程后突然出现严重气促、呼吸困难、发绀、咯粉红色泡沫痰，肺部听诊双肺呼吸音粗，右肺可闻较多干、湿性啰音，应考虑又出现：(2.0分),A.肺栓塞 B.张力性气胸 C.急性心肌梗死 D.心源性哮喘 E.复张性肺水肿,E.复张性肺水肿
2246,12,7,7,7. 慢性支气管炎病人长期咳脓性痰最可能合并以下哪种疾病？ (2.0分),A.支气管哮喘 B.阻塞性肺气肿 C.支气管扩张 D.肺囊肿,C.支气管扩张
2247,12,7,7,8. 下列哪项不是渗出性胸膜炎的病因？(2.0分),A.肺炎旁胸腔积液 B.系统性红斑狼疮 C.外伤血气胸 D.缩窄性心包炎,D.缩窄性心包炎
2248,12,7,7,9. 间质性肺病的典型肺功能检查结果不包括以下哪项？ (2.0分),A.FEV1/FVC下降 B.CO弥散量下降 C.VC下降 D.TLC下降,A.FEV1/FVC下降
2249,12,7,7,10. 以下哪种说法错误？ (2.0分),A.肺栓塞的肺通气/血流灌注扫描结果表现为呈肺段分布的肺血流灌注缺损，与通气显像匹配。 B.血常规中中性粒百分比升高提示感染，嗜酸粒百分比升高提示过敏性疾病。 C.致死性胸痛的常见原因包括：急性心梗，主动脉夹层破裂，大面积肺栓塞，爆发性心肌炎。 D.胸闷变异性哮喘是一种不典型哮喘。,A.肺栓塞的肺通气/血流灌注扫描结果表现为呈肺段分布的肺血流灌注缺损，与通气显像匹配。
2250,12,7,7,11. 以下哪种说法错误？ (2.0分),A.HRCT是诊断支气管扩张的重要手段 B.CTPA是筛查肺栓塞的常用方法 C.Velcro啰音是间质性肺病的常见体征，具有很强的诊断特异性 D.杵状指可见于支气管扩张和肺癌,C.Velcro啰音是间质性肺病的常见体征，具有很强的诊断特异性
2251,12,7,7,12. 下列肺癌的描述中，哪项是正确的？(2.0分),A.腺癌的发生率近年有下降趋势 B.小细胞癌多呈弥漫型 C.鳞状细胞癌多有吸烟史 D.周围型多为鳞癌 E.细支气管肺泡癌多为中央型,C.鳞状细胞癌多有吸烟史
2252,12,7,7,13. 下列哪项对肺鳞癌不正确？(2.0分),A.肺癌中最常见 B.常为中心型 C.生长迅速，病程短 D.对放疗、化疗敏感性不佳 E.血行转移发生晚,C.生长迅速，病程短
2253,12,7,7,14. 早期中心型肺癌的常见症状是(2.0分),A.高热、胸痛    B.声音嘶哑     C.上肢及颜面部肿胀 D.咳嗽、血痰     E.胸闷、呼吸困难    ,D.咳嗽、血痰    
2254,12,7,7,15. 肺癌的转移方式中，下列何者正确?(2.0分),A.鳞癌发生血行转移出现早 B.肺泡细胞癌，早期血行淋巴转移 C.腺癌早期发生淋巴转移，血行转移较晚 D.低分化癌早期出现血行，淋巴转移 E.淋巴转移只发生肺癌同侧,D.低分化癌早期出现血行，淋巴转移
2255,12,7,7,16. 男性，49岁。刺激性咳嗽5个月，视物不清10天。胸片示左肺上叶尖段边缘直径8cm不规则块状阴影。此病变造成的颈交感神经综合征不包括(2.0分),A.面部无汗 B.瞳孔缩小 C.眼球内陷 D.声音嘶哑 E.上眼睑下垂,D.声音嘶哑
2256,12,7,7,17. 在我国，最常见的支气管扩张的原因是(2.0分),A.感染后性支扩、结核后性支扩； B.感染后性支扩、先天发育缺损所致支扩； C.结核后性支扩、遗传性疾病所致支扩； D.免疫缺陷疾病所致支扩、系统性疾病所致支扩。,A.感染后性支扩、结核后性支扩；
2257,12,7,7,18. 支气管扩张典型的临床表现为(2.0分),A.慢性咳嗽，咳痰，呼吸困难； B.慢性咳嗽，咯血，呼吸困难； C.慢性咳痰，喀血，呼吸困难； D.慢性咳嗽，咳痰，咯血。,D.慢性咳嗽，咳痰，咯血。
2258,12,7,7,19. 结核性支扩多见于：(2.0分),A.下叶基底段支气管及其分支； B.中叶支气管及其分支； C.上叶尖后段支气管及其分支； D.舌叶支气管及其分支。,C.上叶尖后段支气管及其分支；
2259,12,7,7,20. 干性支气管扩张的主要临床表现是(2.0分),A.反复咳嗽； B.反复咳痰； C.反复咯血； D.反复呼吸困难。,C.反复咯血；
2260,12,7,7,21. 临床上最常见的睡眠呼吸暂停综合征的类型是(2.0分),A.阻塞型； B.中枢型； C.混合型； D.低通气。,A.阻塞型；
2261,12,7,7,22. 睡眠呼吸暂停是指睡眠过程中口和鼻气流均停止(2.0分),A.5秒以上； B.10秒以上； C.15秒以上； D.20秒以上。,B.10秒以上；
2262,12,7,7,23. 到目前为止，在阻塞型睡眠呼吸暂停综合征的治疗中，疗效最好的是(2.0分),A.减肥治疗； B.药物治疗； C.气道正压通气治疗； D.外科手术治疗。,C.气道正压通气治疗；
2263,12,7,7,24. 有一长期低热，胸痛，乏力病人。近日来咳嗽加剧，痰中带有血丝，血沉加快。CT扫描示：右上肺类圆形阴影，内有点状钙化影。病灶周围散在索条状，斑点状影。可诊断为：(2.0分),A.结核球 B.肺癌 C.炎性假瘤 D.过敏性肺炎,A.结核球
2264,12,7,7,25. 关于周围型肺癌毛刺征的描述，不正确的是(2.0分),A.近端略粗远侧变细 B.粗毛刺一般较短，粗细不均 C.细毛刺数目较多，围绕肿瘤发射状分布 D.是癌组织向周围浸润所致,B.粗毛刺一般较短，粗细不均
2265,12,7,7,26. 患者，女，30岁，胸部不适1年余，CT示前纵隔类圆形肿物，密度不均匀，内有脂肪分层，可能的诊断是 (2.0分),A.畸胎瘤 B.胸腺瘤 C.脂肪瘤  D.淋巴瘤  E.胸内甲状腺肿 ,A.畸胎瘤
2266,12,7,7,27. 普通型肺炎链球菌肺炎的治疗最主要的是(2.0分),A.卧床休息、补液 B.鼻导管给氧 C.退热止痛 D.祛痰止咳 E.选用敏感抗菌药物,E.选用敏感抗菌药物
2267,12,7,7,28. 抗生素有效的情况下，影响肺脓肿疗效的主要原因是(2.0分),A.脓肿的部位 B.脓肿的数量 C.痰液引流不畅 D.脓肿的类型 E.没有长期卧床休息,C.痰液引流不畅
2268,12,7,7,29. 在整个病理过程中没有肺泡壁和其他结构损伤的肺炎是(2.0分),A.金黄色葡萄球菌肺炎 B.克雷白杆菌肺炎 C.肺炎球菌肺炎 D.绿脓杆菌肺炎 E.流感嗜血杆菌肺炎,C.肺炎球菌肺炎
2269,12,7,7,30. 有感染高危因素患者的医院获得性肺炎的描述哪一项是错误的(2.0分),A.肺炎链球菌肺炎仍然是最常见 B.革兰阴性杆菌为最主要的致病菌 C.细菌耐药的发生率较高 D.多数患者是由于广泛使用抗生素所致 E.多数患者免疫功能低下,A.肺炎链球菌肺炎仍然是最常见
2270,12,7,7,31. 关于肺炎链球菌肺炎，下列哪一项是正确的(2.0分),A.多发生于年老体弱或免疫功能低下者 B.易形成空洞 C.X 线胸片为大片絮状阴影，以急起寒战、高热、咳嗽、咳铁锈色痰为特征 D.血白细胞增加，分类以嗜酸性粒细胞为主 E.治疗以氨基糖苷类药物为首选,C.X 线胸片为大片絮状阴影，以急起寒战、高热、咳嗽、咳铁锈色痰为特征
2271,12,7,7,32. 与速发性哮喘反应最相关的细胞是(2.0分),A.肥大细胞 B.中性粒细胞      C.巨噬细胞  D.嗜酸性粒细胞    E.气道上皮细胞,A.肥大细胞
2272,12,7,7,33. 引起哮喘不可逆气道阻塞的原因是(2.0分),A.支气管平滑肌痉挛     B.炎性细胞浸润      C.气道粘膜水肿         D.气道重构       E.粘液栓形成,D.气道重构      
2273,12,7,7,34. 支气管哮喘急性发作伴窦性心动过速，哪项治疗是错误的 (2.0分),A.甲强龙静滴           B.鼻导管吸氧       C.硫酸沙丁胺醇吸入       D.异丙托溴铵吸入        E.普萘洛尔口服,E.普萘洛尔口服
2274,12,7,7,35. 哮喘中度发作时动脉血气变化为 (2.0分),A.PaO2正常，PaCO2正常  B.PaO2正常，PaCO2降低  C.PaO2下降，PaCO2降低  D.PaO2正常，PaCO2升高  E.PaO2下降，PaCO2升高,C.PaO2下降，PaCO2降低 
2275,12,7,7,36. 小儿肺炎引起全身各系统病理生理变化的关键是(2.0分),A.病原体直接损害 B.缺氧与二氧化碳潴留 C.电解质紊乱 D.高热 E.酸中毒,B.缺氧与二氧化碳潴留
2276,12,7,7,37. 呼吸系统分为上下呼吸道，其分界处为(2.0分),A.喉部 B.声带 C.环状软骨下缘 D.总气管分叉部 E.会厌软骨下缘,C.环状软骨下缘
2277,12,7,7,38. 婴幼儿肺炎最常见的病理类型是 (2.0分),A.间质性肺炎 B.支气管肺炎 C.大叶性肺炎 D.毛细支气管炎 E.支气管间质性肺炎,B.支气管肺炎
2278,12,7,7,39. 男孩1岁，发热、咳嗽8天，体检皮肤猩红热样皮疹，呼吸急促，右肺背部叩诊浊音，两肺中、细湿啰音，心率160/min，律齐，肝右肋下1.5cm，血WBC18.3×109/L，中性粒细胞78%，淋巴细胞22%，本例最可能的诊断(2.0分),A.腺病毒肺炎 B.毛细支气管炎 C.肺炎支原体肺炎 D.革兰阴性杆菌肺炎 E.金黄色葡萄球菌性肺炎,E.金黄色葡萄球菌性肺炎
2279,12,7,7,40. 对毛细支气管炎的描述哪项是错误的(2.0分),A.两肺哮鸣音 B.多为稽留热 C.呼气性喘息 D.两肺可闻中细湿啰音 E.明显喘憋,B.多为稽留热
2280,12,7,7,41. 下列哪项药物是哮喘急性发作的首选药物(2.0分),A.吸入型?2受体激动剂 B.全身用激素 C.吸入型糖皮质激素 D.抗生素 E.抗胆碱能药物,A.吸入型?2受体激动剂
2281,12,7,7,42. 关于支气管哮喘错误的是(2.0分),A.与遗传有关 B.气道高反应性 C.反复发作呼气性呼吸困难 D.可自行或经治疗后缓解 E.发作停止后应及时停药,E.发作停止后应及时停药
2282,12,7,7,43. 对年幼儿童哮喘诊断最可靠的是(2.0分),A.哮喘呈反复发作 B.有家族史 C.发作时肺部有哮鸣音 D.肺功能 E.平喘治疗有效,E.平喘治疗有效
2283,12,7,7,44. 下列哪个是引起疱疹性咽峡炎的病原体： (2.0分),A.EV71 B.轮状病毒 C.人类疱疹病毒6型 D.呼吸道合胞病毒 E.腺病毒7型,A.EV71
2284,12,7,7,45. 关于社区获得性肺炎描述错误的是:(2.0分),A.除新生儿外，无论是成人还是儿童，肺炎链球菌始终是最重要的细菌病原之一 B.无乳链球菌是新生儿时期常见病原 C.麻疹病毒肺炎和腺病毒肺炎是引起儿童闭塞性细支气管炎的重要原因 D.耐甲氧西林金葡菌（MARS）不是社区获得性肺炎的病原 E.流感嗜血杆菌中以b型毒力最强,D.耐甲氧西林金葡菌（MARS）不是社区获得性肺炎的病原
2285,12,7,7,46. 下面哪一项不属于重症儿童社区获得性肺炎的指征:(2.0分),A.痉挛性咳嗽 B.意识障碍 C.出现拒食或脱水表现 D.血氧饱和度≤92% E.出现肺外并发症,A.痉挛性咳嗽
2286,12,7,7,47. 下列哪项是6月以下婴儿肺炎最常见的非典型病原体(2.0分),A.军团菌 B.沙眼衣原体 C.腺病毒 D.肺炎衣原体 E.肺炎支原体,B.沙眼衣原体
2287,12,7,7,48. 关于肺炎支原体感染的诊断描述正确的是(2.0分),A.病原体分离培养是诊断的金标准 B.肺炎支原体感染多有发热的表现 C.肺炎支原体血清IgM检测阳性可以确诊其感染 D.肺炎支原体血清IgG如果在恢复期呈现4倍升高可以确诊其感染 E.肺炎支原体核酸的检测是敏感性和特异性均较理想的诊断指标,C.肺炎支原体血清IgM检测阳性可以确诊其感染
2288,12,7,7,49. 患儿A，2岁，因"发热咳嗽2天，伴声音嘶哑1天"就诊。查体：神志清楚，烦躁易激惹，气促明显，可及吸气性呼吸困难，口唇及指趾发绀，双眼圆睁，汗多，肺部呼吸音下降，心率160次/分，心音较低钝。据此，需考虑的诊断是(2.0分),A.急性喉炎伴喉梗阻I度 B.急性喉炎伴喉梗阻II度 C.急性喉炎伴喉梗阻III度 D.急性喉炎伴喉梗阻IV度 E.急性喉炎伴喉梗阻V度,C.急性喉炎伴喉梗阻III度
2289,12,7,7,50. 关于毛细支气管炎的叙述，有误的是(2.0分),A.主要为病毒感染引起，最常见的是呼吸道合胞病毒 B.我国各地的好发季节为冬季和初春 C.好发于2岁以下婴幼儿，其中以6月以内的小婴儿最为常见 D.治疗上以对症支持治疗为主，一般不需要使用抗生素 E.引起毛细支气管炎的RSV更常见的是导致上呼吸道感染,B.我国各地的好发季节为冬季和初春
2370,13,7,7,1. 下列哪个病原体不是儿童上呼吸道常见的病原： (2.0分),A.呼吸道合胞病毒 B.鼻病毒 C.流感嗜血杆菌 D.肺炎链球菌 E.白色念珠菌,
2371,13,7,7,2. 下列哪个是引起疱疹性咽峡炎的病原体(2.0分),A.EV71 B.轮状病毒 C.人类疱疹病毒6型 D.呼吸道合胞病毒 E.腺病毒7型,
2372,13,7,7,3. 关于社区获得性肺炎描述错误的是(2.0分),A.除新生儿外，无论是成人还是儿童，肺炎链球菌始终是最重要的细菌病原之一 B.无乳链球菌是新生儿时期常见病原 C.麻疹病毒肺炎和腺病毒肺炎是引起儿童闭塞性细支气管炎的重要原因 D.耐甲氧西林金葡菌（MARS）不是社区获得性肺炎的病原 E.流感嗜血杆菌中以b型毒力最强,
2373,13,7,7,4. 下列哪项是6月以下婴儿肺炎最常见的非典型病原体(2.0分),A.军团菌 B.沙眼衣原体 C.腺病毒 D.肺炎衣原体 E.肺炎支原体,
2374,13,7,7,5. 关于肺炎支原体感染的诊断描述正确的是(2.0分),A.病原体分离培养是诊断的金标准 B.肺炎支原体感染多有发热的表现 C.肺炎支原体血清IgM检测阳性可以确诊其感染 D.肺炎支原体血清IgG如果在恢复期呈现4倍升高可以确诊其感染 E.肺炎支原体核酸的检测是敏感性和特异性均较理想的诊断指标,
2375,13,7,7,6. 患儿A，2岁，因"发热咳嗽2天，伴声音嘶哑1天"就诊。查体：神志清楚，烦躁易激惹，气促明显，可及吸气性呼吸困难，口唇及指趾发绀，双眼圆睁，汗多，肺部呼吸音下降，心率160次/分，心音较低钝。据此，需考虑的诊断是： (2.0分),A.急性喉炎伴喉梗阻I度 B.急性喉炎伴喉梗阻II度 C.急性喉炎伴喉梗阻III度 D.急性喉炎伴喉梗阻IV度 E.急性喉炎伴喉梗阻V度,
2376,13,7,7,7. 下列病原体感染与喘息关系不大的是(2.0分),A.肺炎链球菌 B.呼吸道合并病毒 C.鼻病毒 D.偏肺病毒 E.博卡病毒,
2377,13,7,7,8. 关于支气管哮喘描述有误的是(2.0分),A.是气道的慢性炎症性疾病 B.临床以咳嗽、气促、喘息和胸闷表现为主，但一定要有喘息的表现 C.父母有哮喘病史，起子女罹患哮喘的可能性明显增高 D.哮喘急性发作有时会突然出现，不经治疗也可以自然缓解 E.严重哮喘急性发作时，肺部哮鸣音可以消失,
2378,13,7,7,9. 关于肺炎的分类，叙述错误的是(2.0分),A.肺炎支原体可以引起大叶性肺炎，也可以引起间质性肺炎和大叶性肺炎 B.鲍曼不动杆菌是院内获得性肺炎比较常见的病原体 C.肺炎仅仅累积呼吸系统而未侵犯其他系统就是轻症肺炎 D.B族乙型链球菌以1月龄以内新生儿常见 E.非典型肺炎是指由非典型病原体所致的肺炎,
2379,13,7,7,10. ＜1岁的婴儿易患呼吸道感染原因错误的是：(2.0分),A.婴幼儿缺乏鼻毛 B.呼吸道上皮细胞纤毛运动功能差 C.SIgA、血清IgA、IgM和IgG均偏低 D.扁桃体发育高峰，容易感染 E.上呼吸道粘膜柔嫩，血管丰富,
2380,13,7,7,11. 关于金葡菌肺炎的临床特点不正确的是(2.0分),A.起病急，进展迅速 B.皮肤常见猩红热样或荨麻疹样皮疹 C.临床症状与胸片不一致，症状比影像学进展更快 D.肺部体征出现比较迟 E.胸片病灶恢复比较慢，可持续2个月以上,
2381,13,7,7,12. 有关肺炎病原体及其耐药情况说法错误的是(2.0分),A.肺炎支原体和肺炎链球菌最常见。  B.其他常见病原体包括流感嗜血杆菌、肺炎衣原体、肺炎克雷伯菌及金黄色葡萄球菌；  C.铜绿假单胞菌、鲍曼不动杆菌少见；  D.耐甲氧西林金黄色葡萄球菌（CA-MRSA）肺炎在我国非常少见； E.大环内酯类药物对肺炎链球菌敏感性高，可单独应用。,
2382,13,7,7,13. 支原体肺炎的特点不正确的是(2.0分),A.年龄小于60岁，基础病少， B.持续咳嗽，无痰或痰涂片检查未发现细菌， C.肺部体征少； D.外周血白细胞＜10×109/L； E.影像学表现单一，累及肺叶肺段，多为实变影。,
2383,13,7,7,14. 肺炎治疗后出院标准不包括 (2.0分),A.心率≤100次／分； B.呼吸频率≤24次／分； C.收缩压≥90 mmHg； D.氧饱和度≥90％ E.体温≤37.8℃,
2384,13,7,7,15. 下列病原体常用检测方法正确的是(2.0分),A.病毒，核酸 B.军团菌，培养 C.支原体，培养 D.曲霉菌，核酸 E.肺孢子菌，培养,
2385,13,7,7,16. 下列抗生素不能覆盖铜绿假单胞菌的是(2.0分),A.左氧氟沙星 B.莫西沙星 C.环丙沙星 D.亚胺培南/西司他丁 E.哌拉西林/他唑巴坦,
2386,13,7,7,17. 某糖尿病患者，女性，58岁，突发高热、寒战、左胸痛，咳嗽，咳多量黄脓性带血丝性痰液。X线显示右下肺叶实变，并多个液气囊腔。最可能的诊断是(2.0分),A.干酪性肺炎 B.支原体肺炎 C.葡萄球菌性肺炎 D.克雷白杆菌性肺炎 E.大叶性肺炎,
2387,13,7,7,18. 在我国，最常见的支气管扩张的原因是(2.0分),A.感染后性支扩、结核后性支扩； B.感染后性支扩、先天发育缺损所致支扩； C.结核后性支扩、遗传性疾病所致支扩； D.免疫缺陷疾病所致支扩、系统性疾病所致支扩。,
2388,13,7,7,19. 支气管扩张典型的临床表现为(2.0分),A.慢性咳嗽，咳痰，呼吸困难； B.慢性咳嗽，咯血，呼吸困难； C.慢性咳痰，喀血，呼吸困难； D.慢性咳嗽，咳痰，咯血。,
2389,13,7,7,20. 结核性支扩多见于(2.0分),A.下叶基底段支气管及其分支； B.中叶支气管及其分支； C.上叶尖后段支气管及其分支； D.舌叶支气管及其分支,
2390,13,7,7,21. 咯血患者的正确体位是(2.0分),A.仰卧位； B.俯卧位； C.健侧卧位； D.患侧卧位,
2391,13,7,7,22. 柱状支气管扩张的典型X线表现是(2.0分),A.轨道征； B.卷发样阴影； C.蜂窝状透亮阴影； D.肺纹理粗乱。 ,
2392,13,7,7,23. 支气管哮喘发作禁用(2.0分),A.激素 B.氨茶碱 C.沙丁胺醇 D.吗啡,
2393,13,7,7,24. 支气管哮喘与心源性哮喘不同点在于(2.0分),A.慢性、阵发性发作史 B.呼吸困难 C.肺部听诊哮鸣音 D.咳粉红色泡沫痰,
2394,13,7,7,25. 男性，52岁，反复发作呼吸困难、胸闷、咳嗽8年，每年春季发作，可自行缓解，此次已发作2天，仍继续加重而来就诊。体检：双肺满布哮鸣音，心率79次／min；律齐，无杂音。该患者的诊断应首先考虑为(2.0分),A.COPD B.支气管扩张 C.支气管哮喘 D.心源性哮喘,
2395,13,7,7,26. 支气管哮喘急性发作患者血气分析PaCO2增高提示(2.0分),A.出现呼吸性碱中毒 B.病情好转 C.病情恶化 D.没有临床意义,
2396,13,7,7,27. 下列药物中哪一种是目前最有效和推荐长期应用于支气管哮喘患者(2.0分),A.抗生素 B.泼尼松 C.抗过敏药 D.吸入用激素,
2397,13,7,7,28. 女性，25岁。自10岁起发作性喘息，每逢春天易于发病，尤其在花园或郊外等环境。此次发作已2天，自服氨茶碱无效前来急诊。下列处理哪项是不妥当的(2.0分),A.沙丁胺醇 B.吸入激素 C.应用抗生素 D.吸氧,
2398,13,7,7,29. 哪个不是肺不张的特点(2.0分),A.不张肺体积缩小 B.不张肺密度增高 C.临近肺代偿性肺气肿 D.临近结构牵拉移位 E.不张肺中看到扩张的支气管,
2399,13,7,7,30. 肺栓塞的检查方法包括(2.0分),A.CTPA B.肺动脉造影 C.胸片 D.核素吸气和灌注试验 E.以上都是,
2400,13,7,7,31. 胸水的原因中，漏出液，蛋白小于30g/L有以下原因(2.0分),A.心功能不全 B.肝功能不全 C.蛋白丢失 D.蛋白摄入减少 E.以上都是,
2401,13,7,7,32. 多发钙化结节的原因(2.0分),A.感染性 B.吸入性 C.慢性肾功能不全 D.放疗后的淋巴瘤 E.以上都是,
2402,13,7,7,33. 下列哪项对肺鳞癌不正确？(2.0分),A.肺癌中最常见 B.常为中心型 C.生长迅速，病程短 D.对放疗、化疗敏感性不佳 E.血行转移发生晚,
2403,13,7,7,34. 早期中心型肺癌的常见症状是(2.0分),A.高热、胸痛    B.声音嘶哑     C.上肢及颜面部肿胀 D.咳嗽、血痰     E.胸闷、呼吸困难    ,
2404,13,7,7,35. 肺癌的转移方式中，下列何者正确?(2.0分),A.鳞癌发生血行转移出现早 B.肺泡细胞癌，早期血行淋巴转移 C.腺癌早期发生淋巴转移，血行转移较晚 D.低分化癌早期出现血行，淋巴转移 E.淋巴转移只发生肺癌同侧,
2405,13,7,7,36. 患者女，56岁，无吸烟40年，体检拍胸片发现右上肺于第3前肋间近外侧胸壁处有直径2.5 cm结节影，边缘不清。3次痰液检查均未发现癌细胞和抗酸杆菌。为明确诊断，最好行下列哪种检查?(2.0分),A.重复痰液细胞学检查  B.胸部CT  C.MRI D.纤维支气管镜下穿刺活检 E.经胸壁穿刺活检    ,
2406,13,7,7,37. 男性，37岁。右上叶肺癌切除术后24小时，肺癌的非转移性全身症状即逐渐消失。此类症状不包括(2.0分),A.骨关节痛 B.重症肌无力 C.男性乳腺增大 D.Cushing综合征 E.颈交感神经综合征,
2407,13,7,7,38. 男，55岁，长期吸烟；近两个月来咳嗽加重及咯血丝痰，查体右上肺局限性哮鸣音，余未见异常。该患者哪种可能性大?(2.0分),A.支气管哮喘 B.支气管扩张症 C.右上肺癌 D.急性左心衰 E.慢性支气管炎,
2408,13,7,7,39. 肺心病急性呼吸衰竭患者血气分析结果：pH7.18PaCO274.6mmHg，HCO3-17.6mmol/L，剩余碱-6，你考虑下列哪一项论断正确(2.0分),A.代谢性酸中毒 B.呼吸性酸中毒并代谢性酸中毒，失代偿期 C.代谢性碱中毒 D.呼吸性碱中毒 E.以上都不是,
2409,13,7,7,40. 慢性支气管炎患者，今晨突感左上胸短暂刺痛，逐渐感呼吸困难，不能平卧，心率120次/分，律不齐，左肺呼吸音明显减弱，你考虑出现了哪种情况(2.0分),A.心绞痛 B.肺不张 C.胸膜炎 D.自发性气胸  E.急性左心衰竭,
2410,13,7,7,41. 男性，60岁，慢性咳嗽、咳痰12年，气急3年，呈逐渐加重，胸片示肋间隙增宽、双肺透亮度增加，两下肺纹理乱，最可能的诊断是(2.0分),A.支气管扩张 B.慢性支气管炎 C.慢性阻塞性肺病 D.机化性肺炎 E.支气管哮喘,
2411,13,7,7,42. 男，55岁，吸烟史35年。活动后气急3年。下列哪项指标对诊断慢性阻塞性肺病最有意义(2.0分),A.心电图呈低电压 B.动脉血氧分压下降 C.最大通气量＜预计值90％ D.残气量／肺总量比＞30％ E.FEV1／FVC＜70％,
2412,13,7,7,43. 慢性阻塞性肺病的体征，下列哪项是不正确的(       )(2.0分),A.呼气相延长 B.心音遥远 C.呼吸音减低 D.桶状胸 E.管状呼吸音,
2413,13,7,7,44. 慢性阻塞性肺病的标志性症状为(2.0分),A.心悸 B.口唇发绀 C.右心衰竭  D.突发性喘息 E.逐渐加重的呼吸困难,
2414,13,7,7,45. 慢性支气管炎最常见的并发症是(2.0分),A.慢性阻塞性肺病 B.慢性肺源性心脏病 C.肺性脑病 D.呼吸衰竭  E.心力衰竭,
2415,13,7,7,46. 一例右肺压缩95％的气胸患者在行胸腔穿刺排气过程后突然出现严重气促、呼吸困难、发绀、咯粉红色泡沫痰，肺部听诊双肺呼吸音粗，右肺可闻较多干、湿性啰音，应考虑又出现：(2.0分),A.肺栓塞 B.张力性气胸 C.急性心肌梗死 D.心源性哮喘 E.复张性肺水肿,
2416,13,7,7,47. 男性，54岁，咳嗽、咳痰10年，伴活动后气短3年。3天前受凉后咳喘加重，并出现双下肢浮肿，腹胀，尿量减少。体检：双肺叩过清音，可闻及干湿性啰音。肝肋下3cm，双下肢可凹性水肿。查血气分析：PaO2 45mmHg，PaCO2  68mmHg。患者入院时最可能的诊断是(2.0分),A.慢性喘息性支气管炎、肺气肿、肾功能不全、呼吸衰竭 B.慢性喘息性支气管炎、肺栓塞、急性肺心病、呼吸衰竭 C.慢性阻塞肺病  慢性肺心病、呼吸衰竭 D.支气管哮喘、代偿性肺气肿、呼吸衰竭 E.慢性支气管炎、肺气肿、肝硬化、呼吸衰竭,
2417,13,7,7,48. 男，55岁，反复咳嗽气促20年，有吸烟史25年。1小时前提重物时突发胸闷、呼吸困难，病情逐渐加重。查体：呼吸促，口唇发绀，气管右偏，胸廓呈桶状，左上胸叩诊呈鼓音，左肺呼吸音消失，胸部皮下有捻发感。该患者诊断最可能为(2.0分),A.慢性阻塞性肺疾病 B.慢性阻塞性肺疾病并气胸 C.慢性阻塞性肺疾病并心肌梗死 D.慢性阻塞性肺疾病，左心衰竭 E.支气管哮喘持续状态,
2418,13,7,7,49. 男性，70岁，咳嗽咳痰20年，气促10年。咳脓痰伴气急加重2周。今晨起神志恍惚。体检：嗜睡，口唇紫，两肺湿啰音，T37.8度（c）R 20次/分 心率116次/分，血压130/90mmHg。最可能的诊断是(2.0分),A.急性左心衰竭 B.急性心肌梗死 C.急性右心衰竭  D.呼吸衰竭  E.高血压危象,
2419,13,7,7,50. 男性， 53 岁。反复咳嗽并有吸烟史 10 年，冬春季咳嗽加重。查体：双肺呼吸音稍减低，右下肺可闻少量湿性啰音。胸片示肺纹理增多。肺功能检查残气量占肺总量的 25%， 1 秒率 55%。最可能的诊断是(2.0分),A.肺间质纤维化 B.慢性阻塞性肺疾病并肺部感染 C.阻塞性肺气肿 D.肺不张 E.肺泡细胞癌,
2701,14,7,7,1. 中央型肺癌胸部X线的直接征象有：(2.0分),A.肺不张 B.肺门类圆形阴影 C.局限性肺气肿 D.阻塞性肺炎 E.胸腔积液,
2702,14,7,7,2. 支气管肺癌时伴随高血压、低血钾及肌无力等表现，其原因是由于下列物质分泌过多：(2.0分),A.肿瘤细胞所分泌的与ADH类似的环形多肽 B.肿瘤代谢刺激腺垂体所分泌的ACTH C.肿瘤代谢刺激腺垂体所分泌的ADH D.醛固酮 E.肿瘤所分泌的ACTH样多肽,
2703,14,7,7,3. 确诊肺癌最可靠的依据是：(2.0分),A.胸部X线检查 B.痰细胞学和纤维支气管镜检查 C.胸部CT检查 D.放射性核素肺扫描 E.病史、体征,
2704,14,7,7,4. 下列基因与肺癌关系密切，除了(2.0分),A.p16 B.p53 C.Gmyc D.K-ras E.HLA,
2705,14,7,7,5. 关于肺癌治疗方法，正确的是(2.0分),A.腺癌首选放疗 B.鳞癌首选放疗 C.小细胞癌首选手术 D.鳞癌首选化疗 E.小细胞未分化癌首选化疗和放疗,
2706,14,7,7,6. 男性，62岁，因"刺激性咳嗽、痰中带血6个月，发热1周"就诊，确诊右中肺支气管鳞癌，CT示右肺门淋巴结肿大。下列治疗欠合理的是(2.0分),A.手术，术后加用放疗、化疗 B.辅助免疫治疗 C.辅助中医中药治疗 D.单纯手术或单纯放射治疗 E.化疗联合放疗,
2707,14,7,7,7. 男性，62岁，右下肺鳞癌，已行手术，无淋巴结转移。患者及其家属向你咨询预后。下列不是判定预后的主要因素的是(2.0分),A.肺功能 B.TNM分期 C.基础状态 D.免疫功能 E.组织学类型,
2708,14,7,7,8. 男性，56岁，体检发现右下肺3cm?3.5cm球形病灶，边缘毛糙，略显分叶，拟诊肺癌，下列检查对肺癌没有确诊价值的是(2.0分),A.放射性核素同期扫描 B.痰涂片找癌细胞 C.CT引导下经皮肺活检 D.剖胸探查 E.经支气管镜肺活检（TBLB）,
2709,14,7,7,9. 慢阻肺患者，今晨突感左上胸短暂刺痛，逐渐感呼吸困难，不能平卧，心率120次/分，律不齐，左肺呼吸音明显减弱，你考虑出现了哪种情况(2.0分),A.心绞痛 B.肺不张 C.胸膜炎 D.自发性气胸 E.急性左心衰竭,
2710,14,7,7,10. 慢性阻塞性肺病的标志性症状为(2.0分),A.心悸 B.口唇发绀 C.右心衰竭 D.突发性喘息 E.逐渐加重的呼吸困难,
2711,14,7,7,11. 男性，60岁，慢性咳嗽、咳痰12年，气急3年，呈逐渐加重，胸片示肋间隙增宽、双肺透亮度增加，两下肺纹理乱，最可能的诊断是(2.0分),A.支气管扩张 B.慢性支气管炎 C.慢性阻塞性肺病 D.机化性肺炎 E.支气管哮喘,
2712,14,7,7,12. 男，55岁，吸烟史35年。活动后气急3年。下列哪项指标对诊断慢性阻塞性肺病最有价值(2.0分),A.心电图呈低电压 B.动脉血氧分压下降 C.最大通气量＜预计值90％ D.残气量／肺总量比＞30％ E.FEV1／FVC＜70％,
2713,14,7,7,13. 慢性阻塞性肺病的体征，下列哪项是不正确的(2.0分),A.呼气相延长 B.心音遥远 C.呼吸音减低 D.桶状胸 E.管状呼吸音,
2714,14,7,7,14. 肺炎治疗后出院标准不包括： (2.0分),A.心率≤100次／分； B.呼吸频率≤24次／分； C.收缩压≥90 mmHg； D.氧饱和度≥90％ E.体温≤37.8℃,
2715,14,7,7,15. 肺炎严重程度CRUB-65评分不包括：(2.0分),A.意识障碍 B.尿素氮 ≥ 7 mmon/L C.呼吸频率 ≥ 24 次 /min D.收缩压< 90 mmHg 或舒张压 ≤ 60 mmHg E.年龄 ≥ 65 岁,
2716,14,7,7,16. 社区获得性肺炎常见病原体不包括(2.0分),A.肺炎链球菌 B.肺炎支原体 C.流感嗜血杆菌 D.铜绿假单胞菌 E.卡他莫拉菌,
2717,14,7,7,17. 有关肺炎病原体及其耐药情况说法错误的是：(2.0分),A.肺炎支原体和肺炎链球菌最常见 B.其他常见病原体包括流感嗜血杆菌、肺炎衣原体、肺炎克雷伯菌及金黄色葡萄球菌 C.铜绿假单胞菌、鲍曼不动杆菌少见 D.耐甲氧西林金黄色葡萄球菌（CA-MRSA）肺炎在我国非常少见 E.大环内酯类药物对肺炎链球菌敏感性高，可单独应用,
2718,14,7,7,18. 支原体肺炎的特点不正确的是(2.0分),A.年龄小于60岁，基础病少 B.持续咳嗽，无痰或痰涂片检查未发现细菌 C.肺部体征少 D.外周血白细胞＜10×109/L E.影像学表现单一，累及肺叶肺段，多为实变影,
2719,14,7,7,19. 下列重症肺炎的众多诊断标准中，属于主要标准的是：(2.0分),A.意识障碍和/或定向障碍 B.吸频率≥30次/分 C.脓毒症休克经积极液体复苏后仍需要血管活性药物治疗 D.多肺叶浸润 E.PaO2/FiO2≤250mmHg,
2720,14,7,7,20. 下列病原体常用检测方法正确的是(2.0分),A.病毒，核酸 B.军团菌，培养 C.支原体，培养 D.曲霉菌，核酸 E.肺孢子菌，培养,
2721,14,7,7,21. 下列抗生素不能覆盖铜绿假单胞菌的是： (2.0分),A.左氧氟沙星 B.莫西沙星 C.环丙沙星 D.亚胺培南/西司他丁 E.哌拉西林/他唑巴坦,
2722,14,7,7,22. 某糖尿病患者，女性，58岁，突发高热、寒战、左胸痛，咳嗽，咳多量黄脓性带血丝性痰液。X线显示右下肺叶实变，并多个液气囊腔。最可能的诊断是:(2.0分),A.干酪性肺炎 B.支原体肺炎 C.葡萄球菌性肺炎 D.克雷白杆菌性肺炎 E.大叶性肺炎,
2723,14,7,7,23. X线阴影具有易变性，易形成单个或多发的液气囊腔的是：(2.0分),A.A．肺炎链球菌肺炎 B.金葡菌肺炎 C.C.克雷伯菌肺炎 D.病毒性肺炎 E.肺炎支原体肺炎,
2724,14,7,7,24. 急性肺脓肿最具特征的症状是 (2.0分),A.呼吸困难 B.咯大量脓臭痰 C.刺激性干咳 D.痰中带血 E.寒战高热,
2725,14,7,7,25. 吸入性肺脓肿最常见感染的细菌是 (2.0分),A.葡萄球菌 B.肺炎克雷伯菌 C.厌氧菌 D.溶血性链球菌 E.肺炎链球菌,
2726,14,7,7,26. 血源性肺脓肿最常见感染的细菌是 (2.0分),A.铜绿假单胞菌 B.肺炎克雷伯菌 C.厌氧菌 D.大肠杆菌 E.金黄色葡萄球菌,
2727,14,7,7,27. 肺脓肿早期最容易与下列哪种疾病混淆？ (2.0分),A.细菌性肺炎 B.支气管扩张 C.空洞型肺结核 D.肺囊肿并感染 E.肺梗死,
2728,14,7,7,28. 支气管哮喘发作禁用(2.0分),A.激素 B.氨茶碱 C.沙丁胺醇 D.吗啡,
2729,14,7,7,29. 支气管哮喘与心源性哮喘不同点在于(2.0分),A.慢性、阵发性发作史 B.呼吸困难 C.肺部听诊哮鸣音 D.咳粉红色泡沫痰,
2730,14,7,7,30. 男性，52岁，反复发作呼吸困难、胸闷、咳嗽8年，每年春季发作，可自行缓解，此次已发作2天，仍继续加重而来就诊。体检：双肺满布哮鸣音，心率79次／min；律齐，无杂音。该患者的诊断应首先考虑为(2.0分),A.COPD B.支气管扩张 C.支气管哮喘 D.心源性哮喘,
2731,14,7,7,31. 支气管哮喘急性发作患者血气分析PaCO2增高提示(2.0分),A.出现呼吸性碱中毒 B.病情好转 C.病情恶化（ D.没有临床意义,
2732,14,7,7,32. Kartagener综合征是指： (2.0分),A.支气管扩张、鼻炎及内脏转位； B.支气管扩张、鼻窦炎及内脏转位； C.支气管扩张、鼻窦炎及肾小球肾炎； D.支气管扩张、鼻炎及肾小球肾炎。,
2733,14,7,7,33. 用痰量来区分支气管扩张患者的咳痰情况，重度咳痰是指：(2.0分),A.痰量﹥100ml/d； B.痰量﹥150ml/d； C.痰量﹥200ml/d； D.痰量﹥250ml/d。,
2734,14,7,7,34. 干性支气管扩张的主要临床表现是：(2.0分),A.反复咳嗽； B.反复咳痰； C.反复咯血； D.反复呼吸困难。,
2735,14,7,7,35. 咯血患者的正确体位是：(2.0分),A.仰卧位； B.俯卧位； C.健侧卧位； D.患侧卧位。,
2736,14,7,7,36. 柱状支气管扩张的典型X线表现是：(2.0分),A.轨道征； B.卷发样阴影； C.蜂窝状透亮阴影； D.肺纹理粗乱。,
2737,14,7,7,37. 下列哪个病原体不是儿童上呼吸道常见的病原： (2.0分),A.呼吸道合胞病毒 B.鼻病毒 C.流感嗜血杆菌 D.肺炎链球菌 E.白色念珠菌,
2738,14,7,7,38. 下列哪个是引起疱疹性咽峡炎的病原体：(2.0分),A.EV71 B.轮状病毒 C.人类疱疹病毒6型 D.呼吸道合胞病毒 E.腺病毒7型,
2739,14,7,7,39. 关于社区获得性肺炎描述错误的是:(2.0分),A.除新生儿外，无论是成人还是儿童，肺炎链球菌始终是最重要的细菌病原之一 B.无乳链球菌是新生儿时期常见病原 C.麻疹病毒肺炎和腺病毒肺炎是引起儿童闭塞性细支气管炎的重要原因 D.耐甲氧西林金葡菌（MARS）不是社区获得性肺炎的病原 E.流感嗜血杆菌中以b型毒力最强,
2740,14,7,7,40. 下面哪一项不属于重症儿童社区获得性肺炎的指征: (2.0分),A.痉挛性咳嗽 B.意识障碍 C.出现拒食或脱水表现 D.血氧饱和度≤92% E.出现肺外并发症,
2741,14,7,7,41. 下列哪项是6月以下婴儿肺炎最常见的非典型病原体(2.0分),A.军团菌 B.沙眼衣原体 C.腺病毒 D.肺炎衣原体 E.肺炎支原体,
2742,14,7,7,42. 关于肺炎支原体感染的诊断描述正确的是：(2.0分),A.病原体分离培养是诊断的金标准 B.肺炎支原体感染多有发热的表现 C.肺炎支原体血清IgM检测阳性可以确诊其感染 D.肺炎支原体血清IgG如果在恢复期呈现4倍升高可以确诊其感染 E.肺炎支原体核酸的检测是敏感性和特异性均较理想的诊断指标,
2743,14,7,7,43. 患儿A，2岁，因"发热咳嗽2天，伴声音嘶哑1天"就诊。查体：神志清楚，烦躁易激惹，气促明显，可及吸气性呼吸困难，口唇及指趾发绀，双眼圆睁，汗多，肺部呼吸音下降，心率160次/分，心音较低钝。据此，需考虑的诊断是(2.0分),A.急性喉炎伴喉梗阻I度 B.急性喉炎伴喉梗阻II度 C.急性喉炎伴喉梗阻III度 D.急性喉炎伴喉梗阻IV度 E.急性喉炎伴喉梗阻V度,
2744,14,7,7,44. 关于毛细支气管炎的叙述，有误的是：(2.0分),A.主要为病毒感染引起，最常见的是呼吸道合胞病毒 B.我国各地的好发季节为冬季和初春 C.好发于2岁以下婴幼儿，其中以6月以内的小婴儿最为常见 D.治疗上以对症支持治疗为主，一般不需要使用抗生素 E.引起毛细支气管炎的RSV更常见的是导致上呼吸道感染,
2745,14,7,7,45. 下列病原体感染与喘息关系不大的是(2.0分),A.肺炎链球菌 B.呼吸道合并病毒 C.鼻病毒 D.偏肺病毒 E.博卡病毒,
2746,14,7,7,46. 关于支气管哮喘描述有误的是：(2.0分),A.是气道的慢性炎症性疾病 B.临床以咳嗽、气促、喘息和胸闷表现为主，但一定要有喘息的表现 C.父母有哮喘病史，起子女罹患哮喘的可能性明显增高 D.哮喘急性发作有时会突然出现，不经治疗也可以自然缓解 E.严重哮喘急性发作时，肺部哮鸣音可以消失,
2747,14,7,7,47. 关于哮喘急性发作的叙述，错误的是：(2.0分),A.速效β2受体激动剂是治疗的核心药物 B.小婴儿表现不典型 C.常见的诱发因素是病毒感染，也可以是其他原因 D.急性发作根据发作时情况可以分为轻、中、重和危重4种严重度 E.严重发作时，大剂量糖皮质激素的吸入治疗可以替代全身激素的使用,
2748,14,7,7,48. 关于婴幼儿喘息的叙述，正确的是：(2.0分),A.婴幼儿喘息是一种症状而非一种确切的疾病 B.婴幼儿喘息是喉部以下大气道梗阻所致 C.婴幼儿喘息反复发作最常见的原因是支气管异物 D.喘息的婴幼儿都有过敏性体质 E.婴幼儿喘息发生时治疗的核心是抗感染,
2749,14,7,7,49. 关于肺炎的分类，叙述错误的是：(2.0分),A.肺炎支原体可以引起大叶性肺炎，也可以引起间质性肺炎和大叶性肺炎 B.鲍曼不动杆菌是院内获得性肺炎比较常见的病原体 C.肺炎仅仅累积呼吸系统而未侵犯其他系统就是轻症肺炎 D.B族乙型链球菌以1月龄以内新生儿常见 E.非典型肺炎是指由非典型病原体所致的肺炎,
2750,14,7,7,50. ＜1岁的婴儿易患呼吸道感染原因错误的是：(2.0分),A.婴幼儿缺乏鼻毛 B.呼吸道上皮细胞纤毛运动功能差 C.SIgA、血清IgA、IgM和IgG均偏低 D.扁桃体发育高峰，容易感染 E.上呼吸道粘膜柔嫩，血管丰富,
